Date,Mean Return,Index Return,Strategy Wealth,Index Wealth
2014-01-09,0.016689811469247567,-0.020792280345353045,1.0166898114692475,0.9792077196546469
2014-01-16,-0.008501073078294723,0.014781697665010427,1.0080468570839898,0.9936820721178261
2014-01-23,-0.01974861554266236,0.00247372940262509,0.988139327254449,0.9961401726764855
2014-01-30,-0.051290794338163526,-0.046578974202100464,0.9374568762427897,0.9497409852717116
2014-02-06,0.03517534496304939,0.0013368697995764795,0.9704322452526126,0.9510106653123415
2014-02-13,-0.0017321325592888773,-0.006696786183472793,0.9687513279640269,0.9446419502285425
2014-02-20,0.022008139233646827,0.014268817204301154,0.9900717420726395,0.958120873539868
2014-02-28,0.054344277406500226,0.02823157738505404,1.0438764754761718,0.9851701371254444
2014-03-07,0.01556430169238067,0.038014228270955845,1.060123683870062,1.02262061960386
2014-03-14,0.0011505308840297729,-0.004430008840152206,1.061343388909246,1.0180904012188932
2014-03-21,0.032908704222858756,0.0038910117628278675,1.0962708245737471,1.022051802945658
2014-03-28,-0.0030784852335608514,0.03400880531896909,1.0928959710283133,1.0568105637379384
2014-04-04,-0.003540339163049219,0.006218582701383152,1.089026748620943,1.0633824276282382
2014-04-11,-0.0008380756110981987,0.015894545801891265,1.0881140618630902,1.0802844083291017
2014-04-21,0.04717622596459195,0.005556913703292811,1.1394471767207934,1.0862874555611994
2014-04-28,0.009080488654154558,-0.00481555939969143,1.149793913881015,1.0810563737938048
2014-05-05,-0.015727765602095076,-0.011500516771586925,1.1317102247127788,1.0686236668359583
2014-05-12,0.002980538891844325,0.04170864779575302,1.1350833310518331,1.1131945149822255
2014-05-19,-0.006102482946074073,0.051626913882146935,1.1281565043817163,1.1706653123412913
2014-05-26,0.07785982872761002,0.02102349633845827,1.215994576590816,1.1952767902488586
2014-06-02,0.024052591822204743,0.004750371786700628,1.2452423977995697,1.2009547993905547
2014-06-09,0.03984019152845251,0.04820948288986248,1.294853093427254,1.258852209243272
2014-06-16,0.03230437866142179,-0.02259267029225233,1.3366825180682416,1.2304113763331652
2014-06-23,0.09820879760685998,-0.0030957452077864183,1.4679565009498334,1.226602336211276
2014-06-30,0.0061930778516896615,0.02256560587616658,1.4770476698431096,1.2542813610970047
2014-07-07,0.05900692590235727,0.023938323993391887,1.5642037122517916,1.2843067546978173
2014-07-14,-0.037422597488882464,-0.05240430243593802,1.505667146337577,1.217003555104115
2014-07-21,0.008753626945273846,0.03498756405762271,1.5188471948403715,1.2595835449466748
2014-07-28,0.011024100391906908,-4.8384755576372414e-05,1.5355911187962579,1.2595226003047246
2014-08-04,0.04769327211105785,-0.003919354838709707,1.6088284838763316,1.254586084306756
2014-08-11,-0.02106588388545033,-0.009399744158556954,1.5749370898433879,1.2427932960893868
2014-08-18,0.007279215583909581,0.028842774594820028,1.5864013964514532,1.2786389029964464
2014-08-25,0.05284116672089523,0.006093007737404784,1.6702286971276055,1.2864296597257507
2014-09-01,0.022597600141016964,0.016739176779919304,1.7079718573693468,1.3079634332148313
2014-09-08,0.09203735976726349,0.021674471340151772,1.8651690776784104,1.3363128491620127
2014-09-15,0.008702027792873789,-0.005761629674673098,1.8813998308307767,1.328613509395634
2014-09-22,-8.6085191006024e-05,0.005580954419657192,1.8812378701669807,1.3360284408329117
2014-09-29,-0.04827516201873194,-0.02559073077273974,1.7904208071888956,1.3018384966988334
2014-10-07,0.014226502444334373,-0.013022174367616967,1.8158922331787557,1.2848857287963449
2014-10-14,-0.00578321056879511,0.002379503071218965,1.8053905460240434,1.2879431183341814
2014-10-21,-0.006534135009988888,0.00603321818956135,1.7935938804505647,1.2957135601828353
2014-10-28,0.030454826258062773,0.013640318901248796,1.8482174704572114,1.3133875063484017
2014-11-05,0.012638849677524735,0.03845231742496313,1.871576813237695,1.3638902996444913
2014-11-12,0.03536421728206876,0.009510333271271699,1.9377636623211147,1.3768613509395649
2014-11-19,-0.006368385771869329,0.0029656515580735736,1.9254232357847434,1.38094464195023
2014-11-26,-0.01022096596660172,0.004082263118407697,1.9057435504204834,1.3865820213306261
2014-12-03,0.021636185326695506,0.016130804562336603,1.9469765710625357,1.40894870492636
2014-12-10,-0.0008695301368706653,-0.020084924771647552,1.9452836162582159,1.3806500761808038
2014-12-17,-0.04282274189812219,-0.04463490895714554,1.8619812380405445,1.3190248857287976
2014-12-24,0.013225053894076137,0.024288068505598535,1.8866060402633893,1.3510614525139681
2014-12-31,0.026867671176889353,0.018502090036989032,1.9372947509935194,1.3760589131538867
2015-01-09,0.04249163323175159,-0.0013838996525527996,2.0196135690145334,1.374154585702081
2015-01-16,0.012984073517885969,0.02630841810408371,2.045836380072338,1.4103064190823753
2015-01-23,0.03703799248927095,0.02999375130181215,2.1216100525517345,1.4526067990756815
2015-01-30,-0.022922617658330362,-0.0004951012865660447,2.0729771964970207,1.4518876115805845
2015-02-06,-0.014489657731585314,-0.019151073715936204,2.0429404664343975,1.4240824049039502
2015-02-13,0.035234596306822664,0.02087645548371494,2.1149226490480855,1.453812197835069
2015-02-20,0.034503919718249086,0.004626403946378281,2.1878957703411475,1.4605381203244263
2015-02-27,-0.03336550154271689,0.0001248370183372466,2.114895530640526,1.4607204495485355
2015-03-09,0.018700493937745016,-0.005381190796499478,2.1544451216902334,1.4528600341091664
2015-03-16,-0.051868479288319086,-0.01290524994770971,2.0426973295180235,1.4341105122299496
2015-03-23,-0.028887068562350324,-0.011491817289287175,1.9836897917081064,1.417629976250757
2015-03-30,0.056996713691223784,-0.003951354750200147,2.0967535908182966,1.4120284173100723
2015-04-06,0.04122072186721657,0.022496574580879374,2.183183287409505,1.4437942199104095
2015-04-13,0.07758410013154379,0.022373452134563415,2.352563598185397,1.4760968807817343
2015-04-20,-0.07647136344214601,-0.04504405588647029,2.172659852247799,1.4096074903899574
2015-04-27,-0.07510810874086243,-0.03364472549583219,2.009475479808265,1.3621816333189183
2015-05-04,0.06341175473420611,0.02223412007912075,2.1368998460782676,1.3924685433237038
2015-05-11,-0.0076460840529500446,-0.005004801117350894,2.120560930242417,1.3854995152022014
2015-05-18,0.05546582060443519,0.010505921918409176,2.2381795823800172,1.4000554649269095
2015-05-25,-0.03789656890579554,4.3410000216944714e-05,2.1533602556128084,1.4001162413349457
2015-06-01,-0.02843614418269346,0.006699319216049454,2.092126992906921,1.4094960669752237
2015-06-08,-0.06759004098918844,-0.04687780724259601,1.9507200437017547,1.343421982038362
2015-06-15,0.012238863219527132,-0.0046220198151192896,1.9745946394962104,1.3372126590173137
2015-06-22,0.05023944711504712,0.043791141781491245,2.0737971824608357,1.395770728160346
2015-06-29,-0.00867307769814164,-0.006640347184928226,2.0558109783671656,1.3865023259348013
2015-07-06,0.05965505053820277,0.029142527341666703,2.178450486178651,1.426908507877641
2015-07-13,0.022291869639242255,-0.003812079393474665,2.2270122204320892,1.421469019358387
2015-07-20,0.03346249454105182,0.01880553833436658,2.3015336047011536,1.4482005094930457
2015-07-27,-0.031057920914881056,-0.027019654472966306,2.230052756023404,1.4090706321189699
2015-08-03,0.0286952379744077,0.024966392776783287,2.2940446505529795,1.4442500429706826
2015-08-10,0.003288490472210543,0.004004769252349584,2.3015885945291488,1.450033931135476
2015-08-17,-0.03746212301558003,-0.008222087166698153,2.2153661994696416,1.43811162575901
2015-08-24,-0.12324889098526168,-0.0852057418964035,1.9423247722587742,1.3155762577563705
2015-08-31,0.07705582466261326,0.027025570347328626,2.0919922093477963,1.3511304564576405
2015-09-07,-0.058857609904803355,-0.05187162167227701,1.968862547966116,1.2810451285903788
2015-09-14,0.043802962886330385,0.04100642059651456,2.0551045610829615,1.333576203936472
2015-09-21,0.019424549795892518,0.009790815318942048,2.095024041965483,1.3466330022629498
2015-09-28,-0.016976782243991254,-0.018489126919055483,2.059457275009109,1.3217349337707214
2015-10-05,0.0639704917748533,0.04059470437215011,2.191201769680741,1.3753903726654872
2015-10-12,0.012090908018605824,0.0019442930579899864,2.2176953887281567,1.3780645346190872
2015-10-19,0.0008897253339211116,0.01549475912558982,2.219668528498428,1.399417312642528
2015-10-26,-0.02535865902721157,-0.003633626243177824,2.163380711130804,1.3943323531701526
2015-11-02,-0.033746700499314414,-0.02058814982710033,2.090373750206279,1.3656256297743121
2015-11-09,-0.03383587161376035,-0.014760640270587015,2.0196441323695247,1.3454681211089197
2015-11-16,0.011968141928858894,-0.013543831119944564,2.0438155199915102,1.3272453280993513
2015-11-23,0.05517910197065949,0.009776461699318499,2.1565914249783384,1.340221091215114
2015-11-30,0.024564902988083826,0.010671906885345079,2.209567884117865,1.3545238059063374
2015-12-07,0.0001931996362919148,-0.01633986928104575,2.2099947718294386,1.3323910639797634
2015-12-14,-0.026622702680531834,-0.018131780411595216,2.1511587380934936,1.3082324417853106
2015-12-21,0.01333930384865677,0.026395255203171427,2.1798536981276153,1.342763570951302
2015-12-28,0.01645982426473414,0.01096099154351576,2.2157337069216267,1.3574815910974403
2016-01-01,0.003724906201789095,0.007902159475875628,2.223987107148052,1.3682086271158578
2016-01-11,0.012101474241658661,-0.041258637343041776,2.250900629838985,1.3117582035600635
2016-01-18,-0.17478339913711893,-0.04691677580848915,1.8574805666358454,1.2502147380086894
2016-01-25,0.04648247704444373,0.01387183594480541,1.9438208644349961,1.2675575117501237
2016-02-01,-0.014407362733345589,0.01718676066052347,1.9158155321524357,1.2893427193280216
2016-02-08,-0.0746801736458495,-0.020783398511416706,1.772742095537876,1.2625457957744335
2016-02-15,-0.08316294307163231,-0.033938291088279816,1.6253156455659736,1.219697149045157
2016-02-22,-0.046111179045862496,0.0041839957993348035,1.5503704248272394,1.2248003567932224
2016-02-29,-0.06101738543748291,-0.03223691309147346,1.4557708750446816,1.1853165741368736
2016-03-08,0.18307705712966899,0.07096115747133334,1.7222891227029449,1.2694280102075817
2016-03-15,0.08440222796422758,-0.003363417231907618,1.8676541618576283,1.2651583941633833
2016-03-22,-0.007936163288972852,0.03144158839079822,1.8528321534617964,1.3049369836418314
2016-03-29,-0.011828571241917319,-0.014848168518143462,1.8309157963352585,1.2855610594031597
2016-04-05,0.06360868793532717,0.005590700616795882,1.9473779478602091,1.2927482464108937
2016-04-12,-0.005465004980020391,0.0175753143504211,1.9367355176771712,1.3154687032175207
2016-04-20,0.0060313544404913145,0.026769292592077373,1.9484166560417706,1.3506828698296711
2016-04-27,0.016225957857076784,0.006171631568648112,1.9800315825907306,1.3590187868683443
2016-05-04,-0.042591462180188326,-0.029913379112248076,1.8956991423252392,1.318365942676084
2016-05-11,-0.0014488593180073473,0.016755727250996572,1.8929525409587429,1.3404561228285676
2016-05-18,-0.02066242451245844,0.004330350371606276,1.8538395519755164,1.3462607674981804
2016-05-25,-0.015475274943956834,0.0008004168208350283,1.8251508752067136,1.3473383372617163
2016-06-01,-0.008962432681637503,0.028459977213909995,1.8087930833538415,1.385683555639612
2016-06-08,0.008026545408485273,0.012669743010366207,1.8233114431719353,1.4032398101832564
2016-06-15,-0.009785131340021616,-0.005324697904894375,1.8054701012267336,1.3957679821059092
2016-06-22,-0.005592318260577528,0.0008667089096218991,1.7953733378107166,1.3969777066517655
2016-06-29,0.0034985134975075733,0.005253965943821913,1.8016544756661128,1.4043173799467923
2016-07-07,0.03273901309508989,0.02070333425026422,1.8606388651377732,1.433391432057286
2016-07-14,-0.009909942308750799,0.023439383838527113,1.8422000413268385,1.466989244024133
2016-07-21,-0.019594046020900594,-0.003970701351978843,1.8061038889373753,1.461164267849548
2016-07-28,0.010247302879962561,0.021143222897852955,1.824611582519995,1.4920579896550692
2016-08-04,-0.05521743049449173,-0.012277462476068413,1.7238612192827525,1.473739303674961
2016-08-11,0.013677217702737787,0.0056494057432175835,1.7474388444681896,1.4820650549611478
2016-08-18,0.022404040269290403,0.0138143905617669,1.7865885347077772,1.5025388804683277
2016-08-25,0.014639974804840543,-0.006319179453871318,1.812744145842516,1.4930440676462295
2016-09-01,0.034830024235708155,0.017811670184516945,1.875882068375349,1.5196376761500938
2016-09-08,0.03916646511160471,0.022530537976800453,1.9493537379598567,1.55387593052357
2016-09-15,0.0052177904830668234,-0.02355188611354626,1.9595250573419143,1.5172792215732982
2016-09-22,0.00893974245883429,0.014780173395687912,1.9770427066961833,1.5397048715578259
2016-09-29,-0.04179837390006583,-0.03118315066684268,1.894405536425298,1.4916920225655665
2016-10-06,0.04978583909602457,0.027314174339123688,1.9887201056443862,1.5324363585302023
2016-10-13,-0.000963203194606823,-0.015774984244916863,1.9868045640854506,1.5082621991180507
2016-10-20,0.06578464281865816,0.016236764240026395,2.117505792684292,1.5327514968572742
2016-10-27,-0.024157490681538878,-0.011493871703719497,2.0663521662294166,1.5151342477987126
2016-11-03,-0.018872793611765804,-0.014499171380071426,2.0273543282669437,1.4931660566760636
2016-11-10,-0.04675379750355648,-0.00024509470186955267,1.9325678145351923,1.492800089586561
2016-11-17,-0.10888515558390693,-0.05977009928768919,1.7221398673730768,1.403575280015301
2016-11-24,0.021197024525781337,-0.009553194417284085,1.7586441083786097,1.3901666524860208
2016-12-01,0.046553952865411634,0.029652650822669106,1.8405159433071012,1.4313887788175075
2016-12-08,-0.0027469924985372577,0.00695998011434253,1.8354600598173985,1.4413512162539703
2016-12-15,-0.005776353506542184,-0.014105864513171352,1.824857793664754,1.4210197112815972
2016-12-22,-0.02604100869549715,-0.024737990485388224,1.7773366559918844,1.3858665391843639
2016-12-29,-0.003135019407241411,0.014538572696531055,1.7717646710821484,1.4060150606119857
2017-01-02,0.007062983845119284,0.012587756400523491,1.7842786163313546,1.4237136356904365
2017-01-10,0.05785477011383668,0.016127653511896257,1.88750764549824,1.4466747959070139
2017-01-17,0.015169796641728859,0.01562631446117605,1.9161407526401566,1.4692809911909146
2017-01-24,0.0027444562981240256,0.009884519544704724,1.921399517196832,1.4838041278650045
2017-01-31,-0.027866498419010396,0.008755681624004672,1.8678568405885794,1.4967958444009744
2017-02-07,0.12011893635104474,0.030341631320043857,2.0922218175361023,1.5422110720731623
2017-02-14,-0.012993854334852832,0.00024331860269365054,2.065035792002837,1.5425863207162778
2017-02-21,-0.004993366513962724,0.01580528727621775,2.0547243114289153,1.5669673406635622
2017-02-28,0.013762856404530784,-0.002090547231481135,2.0830031870780097,1.5636915214277167
2017-03-07,0.022554485303722595,0.003398580897899861,2.1299842518485677,1.5690058535626488
2017-03-14,-0.0227805915883418,0.01297299393688667,2.0814619505176055,1.5893605569878568
2017-03-21,0.002114816628934525,0.009386585669344623,2.0858638608630544,1.6042792260155008
2017-03-28,0.014321251921996384,0.00036666160926522855,2.1157360426894622,1.6048674536182224
2017-04-05,0.014208631528651471,0.0231291313304938,2.1457977565319237,1.6419866437209933
2017-04-12,-0.023074310786216707,-0.002007387184840212,2.0962849522133395,1.638690540774709
2017-04-19,-0.011796985792930774,-0.0071606726204843955,2.0715551084141444,1.6269564142859367
2017-04-26,-0.0007684680895652801,0.026162573245231312,2.069963184417552,1.6695217806414915
2017-05-03,-0.0021231341919861688,-0.00038270652484246904,2.0655683748045623,1.6688828437626733
2017-05-10,0.009005373769756558,0.011242510057488726,2.0841695900666664,1.6876452759184455
2017-05-17,-0.009024992689347928,0.009110357924088276,2.0653599747529534,1.7030203284309593
2017-05-24,-0.09686276868391583,-0.03446879466412573,1.8653034892694398,1.6443192704214404
2017-05-31,0.007588770166260533,0.030142106431796357,1.8794588487398294,1.6938825168783374
2017-06-07,0.021106715502680687,0.009645609182188765,1.919128051959177,1.7102210456366882
2017-06-14,0.010566523060856335,-0.0012690505841191635,1.9394065627769397,1.70805068861975
2017-06-21,0.021627202384194563,0.002707581227436953,1.9813505010153518,1.7126753745997674
2017-06-28,-0.003071997762950177,-0.019411151641479895,1.9752637967086124,1.679430373190783
2017-07-05,0.020016174714663302,0.02074954406560615,2.014801021971081,1.7142777877244226
2017-07-12,0.0008519872076055326,0.015855173637815773,2.0165176066676707,1.7414579597122442
2017-07-19,0.000712544475135822,0.008927843456991397,2.017954465147316,1.757005423763487
2017-07-26,0.03223262110689056,0.009997517937232716,2.0829984268333672,1.7745711170033776
2017-08-02,0.0023753332731387446,0.004354907843977753,2.08794624230452,1.782299210680512
2017-08-09,-0.0066585419519975785,-0.017036822069342338,2.0740435646566198,1.7519344961538188
2017-08-16,-0.01610213879229127,-0.00016787945097617948,2.0406470273172603,1.7516403823524582
2017-08-23,-0.0015876411249795214,-0.00587097745405708,2.037407212175124,1.7413565411600511
2017-08-30,0.05355880374734505,0.00910308677926612,2.146528305205437,1.7572082608678736
2017-09-06,0.07510057838091966,0.007993628183743788,2.3077338224373802,1.7712547303466546
2017-09-13,0.00019308233684298647,0.015396683615042914,2.308179405076628,1.7985261790314504
2017-09-20,0.00034883939964128023,0.008069382024055811,2.3089845889945595,1.8130391738503207
2017-09-27,-0.0708838324746003,-0.046702989349324146,2.1453149122018353,1.7283648246240817
2017-10-04,0.02672950113437577,0.021816816200071545,2.2026581095811277,1.7660722423295743
2017-10-11,0.06995605609424194,0.00982559708735068,2.356747383851422,1.7834249566098586
2017-10-18,-0.030778738177421633,0.021865474728174333,2.2842096731735357,1.8224203899282068
2017-10-25,-0.028088971564126992,0.008959725754481255,2.2200485726172605,1.8387487768313384
2017-11-01,0.034760496617133284,0.018720043242527785,2.2972185635155946,1.8731702334457663
2017-11-08,0.005387555638871746,-0.012701884708468583,2.309594956341184,1.849377441101203
2017-11-15,-0.05768520379358232,-0.01577178079637614,2.176365500604013,1.8202094654903918
2017-11-22,0.02502037051951998,0.02473324975623354,2.230818971815026,1.8652291608090261
2017-11-29,0.012336609099842305,0.0053285774873038485,2.25833971344282,1.8751681789239756
2017-12-06,-0.021650200544897615,-0.027707767693922077,2.209446205748276,1.8232114546353153
2017-12-13,0.04244839660954688,0.012599362522320063,2.3032336545773373,1.846182756707112
2017-12-20,0.008015995661656013,0.02874706102089713,2.3216963655602094,1.8992550850698995
2017-12-27,0.044049577019425135,0.007988508509149861,2.4239661084306734,1.9144273004780263
2018-01-02,-0.010691001550308478,-0.002161417635684543,2.398051483007546,1.9102894235485373
2018-01-10,0.03173389622546261,0.01851293684661401,2.474150999912624,1.9456544910054459
2018-01-17,-0.03554632380022283,0.005814798662596307,2.386204027339085,1.9569680801376188
2018-01-24,-0.011049528735381755,0.017271281977164255,2.359837597370518,1.9907674276699856
2018-01-31,-0.0401917536170705,-0.015831295223211115,2.264991586080703,1.9592510008017894
2018-02-07,-0.08170856435789861,-0.05068623103970955,2.0799223752993288,1.8599439519103675
2018-02-14,0.12544448736657046,0.013072498873060482,2.340837171431013,1.8842580671256712
2018-02-21,-0.08494331777951843,-0.01705855232826191,2.1419986957080392,1.8521153522876583
2018-02-28,0.09561252443004904,0.010286225402504392,2.346800598330557,1.8711666282727282
2018-03-07,-0.06528051380684359,-0.035095390794545316,2.19360024946933,1.8054973042117852
2018-03-14,0.01608944428073099,0.02402412483145615,2.228894058457364,1.8488727968310266
2018-03-21,-0.004590128131298497,-0.022121935628390703,2.218663149137955,1.8079721518344478
2018-03-28,-0.033639117750624226,-0.0041344939714608175,2.144029278215133,1.8004971018721192
2018-04-04,0.04335518327238156,0.00712514446651182,2.236984060513502,1.813325903834494
2018-04-11,0.03425558843833297,0.028438210258924193,2.3136132658335633,1.8648936471556932
2018-04-18,-0.019932004498682546,0.008747840123065589,2.267498315810757,1.881207438627532
2018-04-25,-0.0027062686163926496,0.0041185188367198295,2.261361856280955,1.888955226899297
2018-05-02,-0.013225148806546157,0.010112353541997472,2.2314550092261918,1.908057009978707
2018-05-09,-0.004570637933793762,-0.0027105722907512695,2.2212558363134685,1.9028850835182851
2018-05-16,-0.0470647490550863,-0.009576489823652327,2.1167129877902293,1.8846621238803924
2018-05-23,-0.012392180486061546,-0.027753063127767152,2.090482298408342,1.8323569769818282
2018-05-30,0.013473957010354386,0.020419413879027182,2.118649367028003,1.8697726324689434
2018-06-06,-0.14784039383544345,-0.00530524041058891,1.8054274102073702,1.859853039140556
2018-06-13,0.08677248907201296,0.019606991168707025,1.962088840429902,1.8963191612540782
2018-06-20,-0.01334029582082159,-0.011719082928492287,1.9359139948718342,1.8740960397444526
2018-06-27,-0.03291458922615587,-0.01586283472036562,1.8721941809534615,1.8443675640158945
2018-07-04,0.019624996432038425,0.00715283292712975,1.9089359850747565,1.8575600170575175
2018-07-11,0.011652408385841284,0.016281384080787067,1.931179686755276,1.8878036651483445
2018-07-18,-0.07785392472867217,-0.007994221045027769,1.78082976878509,1.872712145359535
2018-07-25,0.006138941480993777,0.01945617640554292,1.7917621785232734,1.909147963216453
2018-08-01,0.05631078741315635,0.02135472333040573,1.8926577176530313,1.949917289767748
2018-08-08,0.10333051091393479,0.00964078866935351,2.088227006603321,1.9687160302811173
2018-08-16,0.02515621035410568,-0.006064804125298275,2.1407588844485583,1.9567761531791275
2018-08-23,0.01325424475995058,0.0192965882516919,2.1691330266750786,1.9945352569077548
2018-08-30,-0.025790596234453442,0.010397516345827721,2.113189792605284,2.0152734698437826
2018-09-06,-0.020318120695174562,-0.016014716496912343,2.070253747347319,1.9829994365604857
2018-09-14,0.011661606664244005,-0.002312680518977808,2.0943962322440606,1.9784133923944083
2018-09-21,-0.023849358725845652,-0.03749712797733024,2.044446225187212,1.904228572227731
2018-09-28,-0.12163267100331114,-0.03284158484120282,1.7957747700950548,1.8416906880158714
2018-10-05,-0.02867661758409212,-0.05386682755594551,1.744278023745878,1.7424846533131297
2018-10-12,0.09462587267698813,0.01648125496379685,1.909331853934124,1.7712029871548867
2018-10-19,0.013456080699960576,-0.014423241436735148,1.935023977443667,1.7456564988376853
2018-10-26,-0.10584869486000278,-0.02585453640640457,1.7302042149084433,1.7005233593354097
2018-11-02,0.07870842816741719,0.05728117853218089,1.8663858690725272,1.7979313414796454
2018-11-09,-0.009026309985556657,0.0052756365597681565,1.8495392916656161,1.8074165737967085
2018-11-16,0.031028767022773338,0.005242361409960446,1.9069282154461737,1.8168917046949031
2018-11-26,-0.01721607538748898,-0.00558752397631557,1.8740983955305226,1.8067397787325514
2018-12-03,0.00420698434377445,0.020563569272056315,1.8819826981392123,1.843892797329098
2018-12-10,-0.06595365277687437,-0.039148013016467725,1.7578590647340535,1.7717080580982874
2018-12-17,0.053063465370656364,0.043827540594782013,1.8511371583420633,1.8493576649366925
2018-12-24,0.04393618867747577,-0.016550232413329764,1.9324690697988667,1.8187503657666175
2018-12-31,0.018057597621525808,0.018611600175507698,1.967364818677339,1.852600220393324
2019-01-02,-0.002494369582544797,-0.007262813522355547,1.9624574837158615,1.8391451304611326
2019-01-10,0.03173670112038128,0.001400075768806312,2.0247394103380074,1.8417200729936096
2019-01-17,-0.0014592016267022045,0.0046274974230761596,2.021784907296794,1.8502426278854154
2019-01-24,-0.0511567103586975,-0.009758120852252842,1.9183570423866259,1.8321877367165196
2019-01-31,-0.023567548007539123,-0.007534004982253517,1.8731460706945782,1.8183840251796735
2019-02-07,-0.04029835165263913,0.015765478101034437,1.7976613716409688,1.8470517187079143
2019-02-14,-0.056874926310102505,-0.030232456428087213,1.695419513598371,1.7912108081016536
2019-02-21,-0.010687420939369552,0.0036530504098408506,1.677299851587724,1.7977541914783006
2019-02-28,0.017974463747618047,0.006094341530269499,1.7074484169639725,1.8087103195086427
2019-03-07,0.08536407458041649,0.030080560967848148,1.8532031709718992,1.8631173405477983
2019-03-14,0.016716899795965037,0.02404786810256525,1.884182982682601,1.907921340612894
2019-03-22,-0.015196079643104021,0.005594250148191903,1.855550788015575,1.918594729855356
2019-03-29,0.007503513045632074,0.017226225125131073,1.8694739375602827,1.9516448745957347
2019-04-05,0.03561890880563055,0.0021989507124600305,1.9360625592567453,1.9559364454831958
2019-04-12,-0.01980489340677217,-0.001068668397875091,1.897719046641823,1.9538461980156556
2019-04-22,-0.028321232921614408,-0.007731585801997095,1.843973303502096,1.9387398684917918
2019-04-30,-0.03431286386493229,0.006718889976874518,1.7807012985684592,1.951766048361968
2019-05-07,-0.017444152950366464,-0.022091615533458193,1.7496384727573147,1.9086483832102985
2019-05-14,-0.044590709051440004,-0.025230668303212314,1.6716208526733873,1.860491908946057
2019-05-21,0.040505438392133164,0.03978355142824578,1.7393305881363545,1.9345088844874478
2019-05-28,0.06289131288042932,0.024705470907259185,1.8487193723573392,1.9823018374529868
2019-06-04,-0.033747174040927606,0.006184096581936807,1.7863303179455616,1.994560583470347
2019-06-11,-0.033181738656637906,-0.00719912516959968,1.7270567721810632,1.9802014921715942
2019-06-18,-0.007317055010687963,-0.02587938929740645,1.7144198027724333,1.9289550868683805
2019-06-25,-0.02165830673451888,0.008532825202720034,1.6772883728122547,1.9454145234485263
2019-07-02,0.0012360623310621454,0.01162688093347244,1.6793616057882164,1.9680336264789104
2019-07-09,-0.024215753864810927,-0.029677214118226623,1.6386945984924353,1.9096278711540258
2019-07-16,-0.012381803765964216,0.007847160163500207,1.6184046035415565,1.9246130269116553
2019-07-23,-0.0713171260629677,-0.031091780038510687,1.502984638409896,1.864773382019666
2019-07-30,-0.07116036939311352,-0.024855012427506217,1.3960316963484725,1.8184244164350842
2019-08-06,-0.021145518497474796,-0.009490173866204533,1.3665118822902746,1.8011672525605638
2019-08-13,-0.004266042394303772,-0.003195568811248402,1.3606822846681046,1.7954114986644394
2019-08-20,-0.03291195372309539,0.007570218557721428,1.3158995722832723,1.8090031561103752
2019-08-27,0.007479444603136979,0.007239824056087745,1.3257417702374565,1.822100020677522
2019-09-03,-0.04992950053880818,-0.024373077669095806,1.259548145806065,1.7776898353526878
2019-09-11,0.10239490718515265,0.02417536226121425,1.388519461291108,1.8206661311104173
2019-09-18,0.031109337898806728,-0.015246557184295205,1.4317153823914823,1.7929072408289328
2019-09-25,0.00538476639593357,0.05254176194284543,1.4394248352711252,1.8871097462621704
2019-10-03,-0.052188324197532686,-0.01559799446712649,1.3643036653100156,1.8576746188811126
2019-10-10,-0.04956913567112805,-0.009311401982953518,1.296676311827646,1.8403770637511805
2019-10-17,0.05730938870721637,0.030534141724506872,1.3709880386096165,1.896571397842291
2019-10-24,-0.0024295926171795748,0.0049675220956234304,1.367657096192769,1.9059926581669997
2019-10-31,0.03858783693123577,0.02670156235927376,1.420432025198503,1.9568856399853636
2019-11-07,0.0345190693100821,0.007704096639197457,1.4694640167265904,1.9719616760676686
2019-11-14,-0.02133373120850681,-0.011664942699425421,1.4381148663731727,1.9489588561108764
2019-11-21,-0.013024059765709601,0.006419423029097315,1.4193847724035729,1.9614700474745577
2019-11-28,-0.0007097713546881041,0.01620617049426757,1.4183773337508403,1.9932579654833293
2019-12-05,-0.023887336026970837,-0.011363003115580398,1.384496077766495,1.9706085690113868
2019-12-12,-0.024154890996248287,-0.006810076248257842,1.351053725923312,1.9571885744009492
2019-12-19,0.05698256173333206,0.020756050623506977,1.4280402282657856,1.9978120795309646
2019-12-26,-0.03167467993634143,-0.007591763290640048,1.3828075110992468,1.9826451631239843
2020-01-02,0.013235236329012974,0.01658313979546095,1.4011092953061794,2.015523645028864
2020-01-10,-0.0012795280422837826,0.001123730786210291,1.3993165366725306,2.017788550999118
2020-01-17,0.032701578611929905,0.014101022248947758,1.4450763963995008,2.0462414322504285
2020-01-24,0.018786455194982725,-0.003458942354254993,1.4722242593737873,2.039163601093386
2020-01-31,-0.02190098110442828,-0.022040520840564473,1.439981103687761,1.9942193732461666
2020-02-07,0.03566428953499893,0.014125711736103642,1.4913370066946088,2.022389141251195
2020-02-14,-0.004029119249640749,-0.003969702272329648,1.485328232053234,2.0143608584816355
2020-02-24,-0.0006547734880438579,-0.020364319022592853,1.4843556785058425,1.9733397713328915
2020-03-02,-0.0943435079052019,-0.05937570453567271,1.3443163568165952,1.8561713321217377
2020-03-09,-0.07564846583750268,-0.05964287270667178,1.242620886823159,1.7454639416382274
2020-03-16,-0.15290294688422623,-0.12042727962601454,1.0526204913680075,1.535262467461435
2020-03-23,-0.1985551615946279,-0.17767620753698016,0.8436172596066162,1.2624828546690208
2020-03-30,0.03332506739826952,0.08108281275028029,0.87173086164135,1.3648485155745882
2020-04-07,0.09157399300763278,0.05923665026966162,0.9515587374698327,1.4456975697627468
2020-04-15,0.037737392978237486,0.027325500069939904,0.9874680834876072,1.4852019788064108
2020-04-22,0.08657774189803685,0.02579533927440819,1.0729608403523463,1.5235132677407446
2020-04-29,-0.0245532880357658,0.03496243595529475,1.0466161237880778,1.5767790027911721
2020-05-06,-0.03693359976097801,-0.028433283742882037,1.0079608227687027,1.531945998004992
2020-05-13,-0.000995227258564546,0.012078410665962642,1.0069576726823182,1.5504494708869743
2020-05-20,-0.03697820418283172,-0.03132255119342633,0.9697221862584023,1.5018854379622963
2020-05-27,-0.011885324449638655,0.02271487912102706,0.9581967234487083,1.5360005841392406
2020-06-03,0.09696879725375249,0.07997445872912426,1.051111907254016,1.658841399463395
2020-06-10,0.09827090560592952,0.01101426307448499,1.154405626273044,1.6771123150359317
2020-06-17,-0.002727360759413545,-0.01843645812608904,1.1512571456675007,1.6461923040670234
2020-06-24,0.06184249136476625,0.043707657439085085,1.2224537557570685,1.718143513372043
2020-07-01,0.01795420932585852,0.006885390613505959,1.2444019463791127,1.7299736025916712
2020-07-08,0.029075057036121923,0.026914871854817498,1.2805830039459467,1.776535620417643
2020-07-15,0.0008628953686549406,-0.010830961866818398,1.2816880130892299,1.7572940308578548
2020-07-22,0.05919947890060954,0.04105364304332065,1.35756327557727,1.8294373527228511
2020-07-29,0.0068167004041624416,0.0054716689142882404,1.3668173777065735,1.8394474282163824
2020-08-05,0.07239251127362983,-0.0008080386099537564,1.4657647201311899,1.8379610836734035
2020-08-12,0.11893834292663878,0.021570623022967875,1.6401003470639222,1.8776070493402082
2020-08-19,0.02988422568505664,0.013759047044632088,1.6891134759817201,1.903441133063413
2020-08-26,0.0749299582459473,0.01642487954911266,1.8156786782096972,1.934704924402806
2020-09-02,-0.0404774601054353,-0.00509556137407692,1.7421846169481747,1.9248465167197826
2020-09-09,-0.01591731634343066,-0.02397461758278691,1.714453713271552,1.8786990575758662
2020-09-16,0.0525464782929838,0.03684527781963782,1.8045422181003012,1.9479202462917407
2020-09-23,-0.08539892561937745,-0.045486633791850466,1.6504362514397273,1.8593159113929372
2020-09-30,0.05807945971679335,0.016031584614464276,1.7462926972203563,1.889123691751453
2020-10-07,0.005870394332705093,0.03347873792383654,1.7565441239733632,1.9523691687333105
2020-10-14,-0.02830750346878417,0.01127971412294781,1.7068207450909147,1.9743913348190791
2020-10-21,0.01039008673435619,-0.0006964786857036763,1.7245547606724079,1.9730162133371396
2020-10-28,-0.017240365774609977,-0.012734969149088822,1.6948228058000705,1.9478899127296392
2020-11-04,0.013487607682995,0.013729775184664178,1.7176819108968948,1.9746340033158922
2020-11-11,0.03082330941203481,0.06061692235217005,1.7706265519079247,2.0943302393688463
2020-11-18,0.04925719256728658,0.02238690677352391,1.8578426449400043,2.1412158151905687
2020-11-25,0.05276459871088388,-0.0012655418455188613,1.9558709665682306,2.1385060169761583
2020-12-02,0.05798508214112118,0.026780268464626205,2.0692823052221234,2.1957757822239983
2020-12-09,0.063336720014675,0.029751845388026606,2.2003438592192985,2.2611041638034997
2020-12-16,0.008208003377738325,0.012422637999499126,2.2184042890479563,2.289193042309591
2020-12-23,-0.04713339276080578,-0.008352399713783543,2.113843368390003,2.270072786998209
2020-12-30,0.03636837398632047,0.025308336785280043,2.1907204145601145,2.327524553618659
2021-01-01,-0.0013709391169302995,0.005664811701485339,2.187717070249536,2.340709541945492
2021-01-11,-0.006636681116564958,0.030468180062652877,2.173197889681024,2.4120267017438572
2021-01-18,-0.046668769157471694,-0.019181276808395393,2.071777419033996,2.3657609499084673
2021-01-25,-0.04582299341273354,-0.002759803671812639,1.976842376008951,2.359231914152279
2021-02-01,-0.008003089916002881,0.0022522714306393134,1.9610215287239867,2.3645455447907766
2021-02-08,0.04448704519261776,0.05702136336410323,2.048261582096027,2.499375155491263
2021-02-15,-0.01894375084324793,0.015331999067621551,2.009459825023003,2.5376955730448914
2021-02-22,0.021007070985646352,-0.03320917824106143,2.0516726902100655,2.453420788438091
2021-03-01,0.07445504494635627,0.01275327429570401,2.204430072574868,2.4847099367158245
2021-03-08,-0.0002466391859639004,0.01541440618355,2.2038863737362537,2.523010264928665
2021-03-15,-0.025501565931212423,-0.0038856751559645584,2.147683820071518,2.513206666623988
2021-03-22,-0.01768796426199877,-0.013712865153495304,2.10969566541602,2.4787434025017077
2021-03-30,-0.01418079607948109,0.00399559107192058,2.07977850139499,2.4886474475103255
2021-04-06,0.08985847152338404,-0.002405573180280699,2.2666642186375383,2.482660823955421
2021-04-13,0.0033796981480770615,-0.013869445950429243,2.2743248594995804,2.448227693844323
2021-04-20,0.016784037423413556,-0.01077404055240558,2.3124972130544212,2.4218503893893217
2021-04-27,0.0923586938122951,0.025478208935414807,2.5260764350967,2.4835547996204985
2021-05-04,0.021837486296274737,-0.005023235497530732,2.581239594631467,2.471079318990982
2021-05-11,0.02589909685453996,0.027787601266620266,2.648091368897601,2.539744685805295
2021-05-18,-0.028331919383503122,0.01557080424766164,2.5730658577138437,2.579290553147008
2021-05-25,0.020405066825127646,0.009650209126807925,2.625569438485949,2.604181246383677
2021-06-01,-0.031390294236776736,0.019085088328319035,2.543152041272786,2.653882275493862
2021-06-08,0.02236558302102815,0.02166096408889963,2.6000311193869696,2.7113679241595015
2021-06-15,0.0016409626766176058,0.00824284724614809,2.604297673411928,2.7337173157864534
2021-06-22,-0.00014711121960892274,-0.008575963785475897,2.6039145520049676,2.7102730550865406
2021-06-29,0.027555740631986816,-0.000678224903825458,2.675667346027873,2.708434880404414
2021-07-06,0.09534201290157784,0.0068387733228501,2.9307708566531927,2.7269572526112
2021-07-13,0.02682192797731869,0.004029718251234938,3.0093797814883696,2.737946122022385
2021-07-20,-0.012019627909449502,-0.009777053823323318,2.973208156276659,2.711177075422013
2021-07-27,0.008218009717893233,0.008499066362369877,2.99764200979826,2.7342195493061605
2021-08-03,0.019399387322865624,0.024165521700476953,3.05579442820163,2.800293391158787
2021-08-10,-0.06779882552335771,-0.003332328971533569,2.848615154928739,2.7909618923626347
2021-08-17,-0.028897068243671876,0.015860790700185375,2.766298528396805,2.8352287547895916
2021-08-24,-0.04559085976950792,-0.003532179322756897,2.64018060010807,2.825214218406638
2021-08-31,0.013427048099960547,0.035031020567791914,2.6756304320183038,2.924184355800059
2021-09-07,0.022934575377380837,0.015687796700994124,2.736994879843442,2.9700583654900776
2021-09-14,0.029282819092499156,0.008123509816189551,2.817141805766994,2.994185663776792
2021-09-21,-0.028090174752649754,0.0028146145252895233,2.7380078001400037,3.0026131422374718
2021-09-28,-0.008816980287294595,0.00998909429089481,2.7138668393397105,3.032606528034362
2021-10-05,0.02441909267491541,0.012222104454278068,2.7801370051969267,3.0696713617887235
2021-10-12,0.0009791730938265982,0.013206719851309825,2.7828592405495676,3.1102116514994553
2021-10-19,0.0013718818250863275,0.017824039685051623,2.786676994563451,3.1656481874046913
2021-10-26,0.008565668739231244,-0.016385484060325535,2.8105467465821183,3.113777509489373
2021-11-02,-0.00417312015124198,-0.011935753387979729,2.7988179973179492,3.0766122290310705
2021-11-09,0.025745322861529515,0.014841997695017588,2.870874470289559,3.1222753006428126
2021-11-16,-0.03512663583153379,-0.0010648599435721445,2.7700303082536504,3.118950514742353
2021-11-23,-0.01046068346670078,-0.026897857704149354,2.741053898005841,3.0350574276105298
2021-11-30,-0.027990728184055725,-0.03041144309561941,2.6643298034089136,2.942756951358815
2021-12-07,0.062189141766704134,0.01270791590861767,2.8300221872663656,2.980153259236183
2021-12-14,0.02986934253182244,0.014071926927095621,2.914553089350482,3.0220897581317003
2021-12-21,-0.05486489159496753,-0.03867847705781665,2.75464645005549,2.9051999287551404
2021-12-28,0.038982327829745575,0.02810585420498712,2.862028981026598,2.986853054389071
2022-01-03,0.04578867556242271,0.02264954246915324,2.993077497489076,3.0545039094935764
2022-01-11,0.04180291478656061,0.017669337981377223,3.118196861066184,3.108474971435857
2022-01-18,-0.0002450600371183085,0.0027397613091616905,3.1174327156276687,3.1169914508930945
2022-01-25,-0.07714523001228371,-0.04757562720331852,2.876937651732754,2.9686986276294736
2022-02-01,-0.04824615539086504,0.01914753037310716,2.738136470737425,3.0255418747706107
2022-02-08,0.02903930888720249,-0.01714385890633899,2.8176500614864834,2.973672411754323
2022-02-15,-0.04730845607578416,-0.0034663678186450204,2.6843513873157194,2.9633645694030255
2022-02-22,-0.10218059650240972,-0.02137711871561678,2.410062761337728,2.9000163732052444
2022-03-02,0.013042681954008059,-0.0199633516345102,2.4414964434230546,2.842122326601111
2022-03-09,0.005735487263969243,-0.015507260665643102,2.455499615179334,2.7980487948388633
2022-03-16,0.0570961683245605,0.03592377464305122,2.5956992345285066,2.8985652691849157
2022-03-23,0.04853949344661377,0.014732284660746619,2.721693160512283,2.9412677578383017
2022-03-30,0.005044526959430412,0.013729019438386135,2.7354228150357844,2.981648480059162
2022-04-06,0.09051814308956166,0.028932193946391533,2.983028208817645,3.0679141121641975
2022-04-13,0.03128387716328755,-0.012353290405078345,3.076348896876918,3.030015278198795
2022-04-20,-0.001024641121936565,-0.019040793206747016,3.0731967432917537,2.9723213838733273
2022-04-27,-0.030288802530780763,-0.006350040066530594,2.980113293995951,2.953447023995126
2022-05-04,-0.07318572600751598,-0.024576443480618028,2.7620115389902073,2.8808618001369104
2022-05-11,-0.08780126887107549,-0.043183136656858974,2.519503421230315,2.7564571513320733
2022-05-18,0.03697709598842223,0.01063041868165392,2.6126673410803063,2.785759444928772
2022-05-25,-0.07154782642741518,-0.02374229426218913,2.4257366716481163,2.7196191244436005
2022-06-01,0.05534407329216306,0.03644091185074789,2.5599868197912974,2.8187245252250577
2022-06-08,0.006467872428894802,-0.013917587996790434,2.57654448796136,2.7794946786065267
2022-06-15,-0.040913092328378184,-0.036440818325184116,2.471130085437223,2.6782076179876104
2022-06-22,-0.08004262573087338,-0.024893784774509868,2.2733343448762704,2.611536893963974
2022-06-29,0.06976180057716279,0.02836504378149492,2.4319262420887435,2.685613252298251
2022-07-06,0.01595690644420435,0.01590791371195824,2.4707322616129592,2.7283357561795034
2022-07-13,0.04536103724935117,0.007016938956666016,2.5828072397651582,2.7474803216339043
2022-07-20,0.03427424591685788,0.03186796775685778,2.67133101025671,2.835036935936335
2022-07-27,0.0027609993860947223,0.006929343989155887,2.6787065535360846,2.8546818820874003
2022-08-03,0.0017872235022069168,0.04315497579324876,2.68349400084408,2.9778756096063077
2022-08-10,0.00434702439398808,0.007242212521130121,2.69515921472687,2.9994420176325667
2022-08-17,0.016284149238233216,0.026241508628168,2.7390475896002817,3.0781519012179612
2022-08-24,0.06101129421174752,-0.01551786358715263,2.9061604279493625,3.0303855599143263
2022-09-01,0.04292406121299707,0.004676230482682168,3.030904636053451,3.0445563412438776
2022-09-08,0.05849920018501463,0.01508756705585358,3.2082101330996307,3.090491289197719
2022-09-15,-0.00028713136827224553,0.009044279080611606,3.2072889553344086,3.1184425549134223
2022-09-22,-0.0214464813703277,-0.01572814474642746,3.1385038925045716,3.069395239026325
2022-09-29,-0.08134241253911503,-0.047785175379679516,2.8832104141248465,2.9227236492198987
2022-10-06,0.045000749148415745,0.030854305769559956,3.012957042712978,3.0129022583728537
2022-10-13,-0.029760620743690534,-0.021440837571123462,2.9232895708477655,2.94830311043341
2022-10-20,0.02037554486402328,0.025919363488863166,2.9828531886491056,3.0247212504280796
2022-10-27,-0.001789568716202338,0.008744648328160853,2.977515167897675,3.051171374053788
2022-11-03,0.025563895663582508,0.015773160371943568,3.053632054986545,3.099297989459022
2022-11-10,-0.030525804629034405,-0.002886720440176479,2.960417479467069,3.0903511826026526
2022-11-17,-0.013224132335157377,0.01018458549222798,2.921268526951283,3.121825128422877
2022-11-24,0.0008241585805227594,0.005356713523217187,2.9236761154737807,3.138547851305419
2022-12-01,0.03868363354913367,0.020608004693638174,3.036774530941123,3.203227060156329
2022-12-08,-0.0014942091971077772,-0.005801692707112954,3.0322369545074483,3.184642921082193
2022-12-15,-0.02501403393348926,-0.008000703911106152,2.956388476433019,3.159163536008014
2022-12-22,-0.05574249302838667,-0.0223203537804584,2.7915920123962485,3.088649888233991
2022-12-29,0.013076728550516918,0.0034798950199268204,2.8280969033661454,3.099398065598354
2023-01-03,0.021129635394620233,0.0046883475834989885,2.8878535597949266,3.1139291210295035
2023-01-11,-0.01247254262349262,-0.016821787363098042,2.8518346831799795,3.0615472674917865
2023-01-18,0.03298098394253613,0.010783362252350282,2.945890997072706,3.0945610407298436
2023-01-25,-0.012911885156548824,-0.019034872481225346,2.9078539908347922,3.035656465934183
2023-02-01,-0.056267544585064645,-0.02137497157583574,2.7442361867586373,2.970769395260838
2023-02-08,-0.00037663314666790994,0.012166908568022525,2.7432026164484187,3.006914474869656
2023-02-15,0.00395308366768729,0.0007552417771804106,2.754046725908658,3.009185422301486
2023-02-22,0.001491256096112747,-0.022457304525038815,2.7581537148776483,2.941607228900554
2023-03-01,0.006063314136154156,-0.0025200824383242487,2.774877267286752,2.934194136182554
2023-03-08,0.06424313583606236,0.017531716996764396,2.9531440844974566,2.985635597391672
2023-03-15,-0.044101699911446315,-0.04031979734552129,2.822905410287687,2.8652553751572656
2023-03-22,-0.0051866793052888546,0.009755382219646287,2.8082639052153597,2.8932070364988207
2023-03-29,-0.04387108667315077,-0.00791147994467494,2.685062316028576,2.870317487053768
2023-04-05,0.0686047025556316,0.02535969217042154,2.869270217563052,2.9431078549568297
2023-04-12,0.035483661577046646,0.015782424843977298,2.971082430936158,2.9895572334854053
2023-04-19,0.0018620520378707596,-0.005665409545863692,2.9766147410313644,2.972620167396911
2023-04-26,0.0425315999225981,0.009254958975290942,3.1032149283206185,3.0001316450952924
2023-05-03,0.023585869701536782,0.0188070212879475,3.1764069512758524,3.0565551848112444
2023-05-10,0.00481126329814034,0.012414574114320105,3.1916894814604837,3.0945010156875927
2023-05-17,-0.010031393864945818,-0.002566912689406727,3.159672387177349,3.0865577017630423
2023-05-24,0.06895049389452552,0.005808243686938282,3.3775333588181216,3.104485181048678
2023-05-31,0.026584200250462632,0.016141454438819338,3.46732238198156,3.1545960871545655
2023-06-07,0.035540491305879975,0.015241272579663151,3.5905527229530585,3.202676145997627
2023-06-14,0.00033917994474698355,0.004832351452829037,3.591770566427241,3.2181526027246794
2023-06-21,0.010536711276836568,0.009755005735495814,3.629616015858325,3.2495456998219594
2023-06-28,0.01612107958273667,0.002232012289921464,3.6881293445047527,3.256798725760624
2023-07-05,0.015694608332775983,0.019659400879758187,3.7460130900473727,3.3208254374950377
2023-07-12,0.021299177735403775,0.0026420119056225475,3.8258000886514405,3.3295990978373937
2023-07-19,0.010573105028702692,0.0187758584945061,3.8662506748075725,3.392115179341824
2023-07-26,0.0009429273393145822,0.0012681747131860679,3.869896268269492,3.39641697403648
2023-08-02,0.013333076056791265,-0.0068365243004417835,3.9214938895462224,3.3731972868590465
2023-08-09,0.015616485821235534,0.008594841315740174,3.982733843270383,3.402189382266285
2023-08-16,-0.016333541617549685,-0.00886857976281838,3.9176816942897026,3.3720167943614427
2023-08-23,0.03412965637400727,0.005767502024856078,4.051390824298548,3.3914649080507706
2023-08-30,-0.0008212154505700675,0.0011032285659503976,4.048063759557337,3.395206469017751
2023-09-06,0.028229503754968,0.01860162237498477,4.162338590658111,3.4583628176395242
2023-09-13,-0.006119920662613647,0.014009580782893528,4.136865408712348,3.5068130309098002
2023-09-20,0.008736296495234466,-0.0044161068081647456,4.1730062914837385,3.4913265700090386
2023-09-27,0.02236912734363434,-0.00617501511517621,4.266352800623726,3.469767575667216
2023-10-04,-0.018865280609088514,-0.012599760114406977,4.185866857862589,3.4260493365610616
2023-10-11,0.007521780793338445,0.016600381940186065,4.217352030797532,3.4829230640938964
2023-10-18,-0.007040625873912403,-0.00363926732098789,4.187659232970102,3.4702477760052246
2023-10-25,-0.0646657018474024,-0.03362546125461259,3.9168613095723357,3.353559093869255
2023-11-01,0.02825419409866104,-0.0016616151973651943,4.027529069270528,3.34798676911362
2023-11-09,-0.001639153659616777,0.029041501946757788,4.020927330257421,3.4452173333865526
2023-11-16,0.021922118790906428,0.02173193409567377,4.109074576840927,3.5200885694209822
2023-11-23,-0.00803074762777747,0.0026317135695245815,4.076075635930601,3.529352434275056
2023-11-30,0.01248579521609086,0.019759742394865994,4.126968681606128,3.599091529197024
2023-12-07,0.08659867922124372,0.03979886535152687,4.484358718620656,3.7423312883553574
2023-12-14,-0.01930944067885488,0.014435530652780044,4.397768259960745,3.7963538263812695
2023-12-21,-0.004725443246145181,-0.0016891669323832155,4.376986855638601,3.7899411510341197
2023-12-28,0.022299367627915137,0.024150291946911102,4.474590894635038,3.8814693362932062
2024-01-03,0.021519691904803902,-0.0016547031457400953,4.570882712087625,3.875046656772348
2024-01-11,0.003239395774937414,0.006814279398307575,4.585689610232897,3.901452307373072
2024-01-18,-0.001258128192540566,-0.0086574228912371,4.579920224852022,3.8676757848581507
2024-01-25,0.00784964630140439,-0.0011228547293816713,4.615870978705758,3.8633329468114077
2024-02-01,0.05457786508654909,0.019819006858144618,4.867795362238479,3.9399003689795586
2024-02-08,0.007559212813110958,0.010628319769837757,4.904592063312315,3.9817748899623755
2024-02-15,-0.039129481952952,0.002474040089956034,4.712677916684344,3.991625960669323
2024-02-22,0.0402680244472683,0.012324699306283412,4.902448146245491,4.040821550377727
2024-02-29,0.011932422890003319,-0.00955928209249192,4.960946230722805,4.002194197292246
2024-03-07,-0.018544015401649697,0.017160236037242316,4.868950367413525,4.0708727943846625
2024-03-14,-0.07840880876427196,-0.025370935854522714,4.487181769172267,3.967590941846408
2024-03-21,-0.03850867945192712,-0.0009514795632732449,4.31438632478068,3.963815860149813
2024-03-28,0.07842618719223379,0.017979736045915545,4.652747194307544,4.03508422304992
2024-04-04,0.05535331214694014,0.020217080594317986,4.910292162094849,4.116661845992182
2024-04-12,0.010866227884007165,0.003912478556375189,4.963648515705226,4.132768197188474
2024-04-19,0.019597343379865868,-0.01736762189390467,5.060922840084463,4.060991841764551
2024-04-26,0.03938160987355722,0.022278417675568443,5.260230128972845,4.151464314192458
2024-05-03,0.011666225468405567,0.005767934220597127,5.321597159673143,4.175409687275876
2024-05-10,-0.05402744946994186,-0.0233998344430105,5.034084838029516,4.077705791861878
2024-05-17,0.05819692281294439,0.029090189602864844,5.327053084782134,4.19632702649184
2024-05-24,0.01268688788154143,0.019900733697135745,5.394636810007784,4.2798370131521475
2024-05-31,-0.00023076667398286657,-0.01770873334497007,5.393391907613792,4.204046520726303
2024-06-07,-0.027688153017938543,0.0313150076054457,5.24405884719007,4.335696269496495
2024-06-14,0.10133819973369301,0.02068309582501489,5.775482330061857,4.42537189090665
2024-06-21,0.023321552532435907,0.0009858514560441452,5.91017554462255,4.429734650228837
2024-06-28,0.006843714868450524,0.014548349088423382,5.950623100872437,4.494179976289451
2024-07-05,0.0876438819633976,0.01896966714982915,6.472158809533967,4.579433074551089
2024-07-12,-0.029577382731984403,0.004689474565690676,6.280729291322197,4.600908209479479
2024-07-19,-0.0338513926725061,-0.010471759589010051,6.068117857811938,4.552728604818707
2024-07-26,0.07567792187144864,0.01918516119998603,6.527340406962173,4.640073437001941
2024-08-02,0.006321501621092856,-0.0013996191833693704,6.56860299992621,4.633579101207271
2024-08-09,-0.0018387696269784783,-0.014443591744430788,6.556524852238265,4.5666535763539065
2024-08-16,0.0008885386509255759,0.005801906340654786,6.562350577985233,4.593148872694128
2024-08-23,0.028260490214856385,0.01570706742133461,6.747805822280842,4.6652937717137615
2024-08-30,-0.0023428037278384866,0.013489248953291406,6.731997037645672,4.728225080840648
2024-09-06,-0.0035539455986911732,-0.010821776692627353,6.70807188640333,4.67705728486331
2024-09-13,-0.0004312313506029896,0.019188421353028617,6.7051791555038145,4.766802630737519
2024-09-20,-0.003426167844952967,0.01109987378908562,6.682206086286579,4.819713538316187
2024-09-27,-0.024581098951936955,0.012224206201588837,6.517950117262333,4.878630710441154
2024-10-04,-0.030716420854108008,-0.03897989142307631,6.317742018354421,4.688462215054872
2024-10-11,0.03444865441516801,0.0032419869173293024,6.535379729828899,4.703662148218473
2024-10-18,0.004428311807380469,-0.0072232516279315696,6.5643204290522155,4.669686412949114
2024-10-25,-0.07212903143102342,-0.04017158190668373,6.090842354501799,4.4820977227328
2024-11-01,0.07012505420677445,0.01442283118620564,6.5179630047761545,4.546742261547852
2024-11-08,-0.024424374281319744,-0.007794580597672046,6.3587658367957065,4.511302312533376
2024-11-18,-0.07882671281379978,-0.03295334865636446,5.857525228328409,4.3626397945342
2024-11-25,0.03239147400197742,0.029868398220955758,6.047259104477736,4.492944857211936
2024-12-02,0.06760777724694084,0.012519121200700492,6.456100850967801,4.549192578427436
2024-12-09,0.06399538517059401,0.019975170619880647,6.8692615116256865,4.64006347636422
2024-12-16,0.019990875435050917,0.0025953116950026074,7.006584062835385,4.6521058873699825
2024-12-23,-0.042359010587243826,-0.0402591591032205,6.7097920943373275,4.464816016285326
2024-12-30,-0.01839118660175961,-0.002460702382173977,6.586391055871358,4.453829432878084
2025-01-02,0.04946988000988631,0.020691367191256423,6.912219031103502,4.545985253080991
