Ticker,Ticker,Factor,Selection Close
6990,JAYKAY,0.03708504170366933,240.24
2749,DPABHUSHAN,0.030262407342024743,2258.9
2718,DPWIRES,0.02944447298978932,215.64
4158,MONQ50,0.029093643440381817,243.73
2590,OPTIEMUS,0.02824737498765783,816.85
4664,FILATEX,0.027910468175892888,109.74
6827,SHANTIGOLD,0.023937804918979504,350.65
4542,HLEGLAS,0.023731373534420737,446.0
799,KILITCH,0.023025400597366463,244.3
3734,VALIANTORG,0.022868072567697642,450.6
6410,MOBIKWIK,0.022733248437304343,244.52
7911,INDOMIM,0.022423304939037478,1238.6
6555,PROTEAN,0.022059210044799146,638.7
7776,VELJAN,0.021511686655293256,2762.9
932,MEGASOFT,0.021205542406641166,1037.1
977,MUKANDLTD,0.020706321789684644,174.29
1223,RAYMOND,0.020441587629535095,1167.1
7753,PRADPME,0.020224701801700214,587.75
1466,SUNFLAG,0.020219862488721856,450.7
8169,DEEPA,0.019922066920393833,232.8
8028,MOLBIO,0.0197477223310957,1479.2
963,MOREPENLAB,0.019717126400101814,136.55
4120,DMCC,0.01945765980776108,337.1
862,LOKESHMACH,0.019434811810897217,447.85
4292,INDOAMIN,0.018880801831283264,151.7
6786,SAMBHV,0.018577177572773104,157.31
6671,SPECTRUM,0.01856863926238378,3810.6
1109,PARAGMILK,0.01826586230221238,303.25
3991,CHEMPLASTS,0.017744261103925844,212.38
8011,KMCSHIL,0.017542273658242007,177.28
52,ALICON,0.01743853884535119,859.0
769,KABRAEXTRU,0.017417518496329693,771.05
4014,MASPTOP50,0.017029940968085924,111.67
6181,KROSS,0.0168775504661312,239.7
7773,TIMEX,0.016720389879338337,709.25
1073,OMAXAUTO,0.016627122638000293,200.16
909,MANINDS,0.016289595487866286,857.85
8142,AUGMONT,0.016246059343100826,1274.1
866,LLOYDSENGG,0.016173249535009468,96.18
6503,QUADFUTURE,0.01607703528115306,505.75
6972,CAPILLARY,0.01583437372157511,553.8
8095,MILKYMIST,0.01580076125866495,328.35
8073,TANAA,0.015794807417644777,330.35
665,INDORAMA,0.015635436810540863,88.1
3889,MAFANG,0.015603020440995739,280.37
3949,TATVA,0.01550876083224698,1855.6
1396,SMSPHARMA,0.015488324008439188,446.75
1015,NELCAST,0.015467088506113738,141.52
3823,SMCGLOBAL,0.015332094168393283,107.83
5949,SHAREINDIA,0.015030507850836254,185.9
6841,INDIAGLYCO,0.014974658299140922,356.9
2727,BHAGERIA,0.014927124157812565,367.0
1452,STLTECH,0.014618041468861885,1011.55
7960,ALUFLUOR,0.014361382023663008,645.0
4277,ARIHANTCAP,0.01426564124284499,95.62
6835,LOTUSDEV,0.014127750730247276,233.73
7672,NIMBSPROJ,0.014035218935869943,189.88
775,KAMATHOTEL,0.01398290422492812,251.72
8121,LALITHAA,0.013842704860757105,376.45
6813,ARFIN,0.013781252016083288,107.52
6777,ARISINFRA,0.013683138277084873,136.42
136,AXISCADES,0.013530358802711877,2077.6
3995,YUKEN,0.013507584915818638,1135.3
7641,OMNI,0.01346673784324724,636.5
413,EVERESTIND,0.013208749352880265,480.3
3956,GRAUWEIL,0.013164236522265876,78.0
7598,SHADOWFAX,0.012990367065766853,286.1
7824,E2E,0.01298111888388723,714.15
8072,TGVSL,0.012938909866479827,120.82
3741,AAATECH,0.012839382434496317,103.44
7957,TECHNOCRAF,0.012764633619379209,472.5
4575,SSWL,0.01269021502605316,410.5
6779,ELLEN,0.012644898766461174,350.4
4463,DBOL,0.012604783891710259,140.43
3648,ZOTA,0.012591110898088143,1322.4
7912,LCL,0.01252276817493171,608.7
6978,EXCELSOFT,0.01251965204666972,80.99
7669,POWERICA,0.012477555418624102,585.0
7508,AEQUS,0.01245698836926765,268.0
4402,RAMRAT,0.012398771796826177,611.15
6453,TRANSRAILL,0.012166944895511702,472.15
4326,VENUSPIPES,0.01216282724350094,2119.8
8104,BLEL,0.012099764711905388,486.95
322,DHAMPURSUG,0.012045690351409694,182.91
7637,PNGSREVA,0.011884163094013418,701.95
2004,BIRLACABLE,0.01186576770686004,366.9
1610,UTTAMSUGAR,0.011773131468672338,291.55
6864,STEELCAS,0.011755003199687926,360.25
3550,AVADHSUGAR,0.011728987034875953,939.55
7974,BPLPHARMA,0.011527127497551647,1892.8
6265,JASH,0.011474651729693412,565.85
4386,RGL,0.011332198177689337,155.63
4454,SOTL,0.011323726361618745,764.2
6606,PREMIERPOL,0.011311112938209139,98.25
6906,EPACKPEB,0.011267204872938292,256.33
7517,VIDYAWIRES,0.011217266447113138,98.03
7873,KNACK,0.011160118024300173,202.16
4879,AVALON,0.011049276415754646,2302.0
6479,UNIMECH,0.010991589413627854,1751.9
4127,SHIVALIK,0.01086114416266716,351.95
193,BIL,0.010856171780083388,1048.55
3877,ISGEC,0.01083186793732444,918.4
5693,JGCHEM,0.010791675649006016,638.7
5902,KRONOX,0.010758684669183486,200.6
4535,EMIL,0.010652228534077922,193.31
1351,SHILPAMED,0.010624487529264596,1025.3
358,DYNAMATECH,0.010613190017926155,13391.0
2725,JAMNAAUTO,0.010530798336510964,147.95
7884,KUSUMGAR,0.01050961075832606,608.0
6709,NPST,0.010484113452679664,1790.2
902,MANALIPETC,0.010477024471189408,85.88
4341,AETHER,0.01040681902116697,1744.1
8122,TDPOWERSYS,0.010333882921807579,793.5
3733,NOVARTIND,0.010285196988585849,1987.7
1602,UNIVCABLES,0.010241218747621565,1549.9
1993,KINGFA,0.010173500507947037,6804.0
115,ASTEC,0.01013083285548301,714.75
7804,KISSHT,0.009964278223049773,372.15
5614,RPTECH,0.009962769922404986,898.8
1057,NRBBEARING,0.009961188248813039,510.2
5142,YASHO,0.009937793498192037,4114.7
7936,MVELECTRO,0.009919682848728635,879.25
7736,KOTIC,0.00991180578664211,155.14
4376,NGLFINE,0.00982467775396131,2998.9
3174,CONFIPET,0.009699577252107138,84.9
919,MAWANASUG,0.009573414219117636,145.11
4729,AARTIPHARM,0.009528804867427928,879.05
1992,ICIL,0.009526590311676943,449.0
7561,KMEW,0.009487995341603127,3256.7
6639,IOLCP,0.009483071660427247,205.55
1517,TBZ,0.00939736911484057,566.65
4148,PRECWIRE,0.009391618772922584,493.15
5336,CELLO,0.009363870416351075,375.7
7734,KLBRENG-B,0.009244735163664303,500.15
6870,GCSL,0.00922694633090888,697.75
490,GNFC,0.009082549387353044,599.25
3606,NEOGEN,0.00907641820658137,2379.7
6860,SHREEJISPG,0.009044783558598623,800.75
6074,RPEL,0.009037126144566612,1717.2
7700,BATLIBOI,0.009023546054421294,93.98
7721,FRONTSP,0.008957566786274723,1395.9
811,KOPRAN,0.008920319530246015,254.3
3704,MAXIND,0.0089042556115455,158.42
3670,BOROLTD,0.008858871464389356,269.15
4015,SANSERA,0.008837397806648217,4129.4
1656,VSSL,0.008830027662373506,376.15
5476,AZAD,0.008824186913199278,2883.7
1103,PANAMAPET,0.008810526199326037,501.3
873,LUXIND,0.00879532980727749,1108.5
6901,ARSSBL,0.008773770360132226,537.55
5391,GANDHAR,0.008767544106161667,296.45
489,GNA,0.0087443077066497,557.7
7730,INVPRECQ,0.008703183726132808,1528.9
1320,SELAN,0.008571461279365297,1105.8
8032,ONEGLOBAL,0.00853199542157777,561.3
4367,PAISALO,0.00851096819284845,81.13
1681,WSTCSTPAPR,0.008421347595012686,713.1
6450,SANATHAN,0.008333155936092268,502.65
6607,QPOWER,0.008289720227856534,1532.2
6067,AKUMS,0.00825470748432023,786.7
6101,MANCREDIT,0.008220892627698328,223.63
7720,FERMENTA,0.008162975507585697,539.6
1672,WHEELS,0.008108457938665397,2208.2
7996,FREDUN,0.008107826533650987,1531.7
7667,AMIRCHAND,0.008003173659643769,216.09
3849,LXCHEM,0.007828598103571123,182.03
3220,WESTLIFE,0.007761530867090626,577.2
5311,JAYBARMARU,0.007727688278417936,128.0
106,ASHIANA,0.00771799730421809,372.25
1639,VINDHYATEL,0.007692555010006681,2776.7
303,DALMIASUG,0.0076876943312884855,428.95
5104,YATHARTH,0.007672918900420141,1014.2
1400,SOMANYCERA,0.00761005517332871,600.6
8148,SKYWAYS,0.007540207561573426,111.14
4775,NINSYS,0.007501059084926835,816.45
7649,SEDEMAC,0.007419037227317177,3232.1
8059,SGRL,0.007366086496955475,706.25
4613,ZIMLAB,0.007205251053211812,140.53
6820,EBGNG,0.007190205950931907,692.15
6377,GLOBAL,0.007182125410692528,141.41
2846,GMMPFAUDLR,0.007095422578929561,1340.4
4620,LIKHITHA,0.007086381147270676,226.08
2079,ITDC,0.007075236334241056,661.55
1662,WALCHANNAG,0.007073547080027909,208.01
1427,SRHHYPOLTD,0.007061370126901648,534.75
7633,CLEANMAX,0.007050851899023252,1348.3
516,GREAVESCOT,0.007038148860257715,211.61
2736,HERITGFOOD,0.006999578943955429,383.75
1624,VENUSREM,0.006950690462667854,1681.0
119,ATFL,0.006944068872906471,743.55
789,KECL,0.006943719359674565,123.13
2862,INDNIPPON,0.006870359281725766,1187.4
1293,SALSTEEL,0.006868946059224532,88.93
1267,RPGLIFE,0.006853169668389099,2811.7
381,EKC,0.006751601249531454,101.67
7714,ELANTAS,0.006699019365100525,13597.0
8127,SUNSHINE,0.006648494417222208,432.8
2832,GALAXYSURF,0.006610065639354595,2406.7
5037,CYIENTDLM,0.006606172326504281,981.3
8159,LUMINO,0.006586576670833878,101.95
1540,TI,0.006559864460950782,548.05
95,ARROWGREEN,0.006530122697731763,847.45
6242,VINCOFE,0.0065003599721802224,175.79
1491,SWELECTES,0.006493124724958009,581.6
8018,LOTUSCHO,0.006462070219208218,658.9
521,GRINDWELL,0.006439221954370932,2007.0
462,GENESYS,0.006329200594926515,279.6
8126,SHANKESH,0.0062977519525927415,91.84
7688,3BBLACKBIO,0.006296608372263081,1530.0
829,KSL,0.006295915485836388,945.05
8140,TEMPSENS,0.006290115559579932,561.0
2746,TCPLPACK,0.006282983032940501,3994.4
3783,FAIRCHEMOR,0.006271724813226285,720.9
5256,VALIANTLAB,0.006268852700275452,117.34
6911,TRUALT,0.006252670811771364,424.05
7961,AMAL,0.00618453023727864,774.8
7737,KPL,0.006175730003995193,3533.3
486,GMBREW,0.006130233475361457,887.45
1658,VSTTILLERS,0.006115371630154789,4211.5
3886,ALKYLAMINE,0.0060765475522578626,1827.3
3758,ORCHPHARMA,0.006055518769448095,981.2
3534,5PAISA,0.005962579262428475,338.2
728,JCHAC,0.0059431091528450155,1943.8
7933,JNPR,0.005929950721454982,274.45
640,IGPL,0.005909735383010571,568.4
519,GREENPLY,0.005904438533636755,305.7
2961,FINEORG,0.005895969819945229,5380.5
451,GANDHITUBE,0.005880967078672268,951.5
7887,RIR,0.005832149888037256,173.34
408,ESTER,0.005829096236950529,94.67
1253,RESPONIND,0.0057881950801520615,152.99
4250,GMRP&UI,0.005704317764245978,97.11
7570,GKSL,0.00570278485487746,180.71
6944,MIDWESTLTD,0.005663557915989815,989.8
1201,RAIN,0.0056305838629458664,211.6
6191,WCIL,0.00561061625633371,93.3
4337,EMUDHRA,0.0055943025403523035,569.9
1125,PENIND,0.005587677140014509,171.89
2639,DOLLAR,0.005586192699894019,279.55
6941,ROLEXRINGS,0.005527488184591294,170.14
8128,CORDELIA,0.005476798365436908,102.9
7768,SIKA,0.005446921157397286,1028.7
4602,RUSTOMJEE,0.005431147421990634,359.0
491,GOACARBON,0.005416070027204259,394.8
1528,TEXINFRA,0.005357688857498155,120.04
901,MANAKSTEEL,0.005340255564746776,106.14
7867,KRISHANA,0.005324619192074338,188.69
6329,BLACKBUCK,0.005323814512984429,587.6
7954,LEAPIND,0.0053111729235035526,141.42
3915,SBCL,0.005300794202550734,1050.6
934,MENONBE,0.005202675645474135,287.1
7615,CEINSYS,0.005181412842800245,666.45
5156,AEROFLEX,0.005140031059148108,529.0
7825,CMRGREEN,0.005119975497661826,217.22
4064,MEDICAMEQ,0.0051043882847134825,304.7
5171,ADFFOODS,0.005103624001807227,288.3
2453,KERNEX,0.005102799426387631,1700.5
723,JAYNECOIND,0.0050886706320989634,91.48
664,INDOCO,0.005052375293114754,236.9
1090,ORIENTBELL,0.005044303427361012,413.0
1054,NOCIL,0.0050321470416387695,165.76
510,GPPL,0.0049331021763671,166.64
28,ADSL,0.004908990278615938,98.42
7652,MARSONS,0.004908719135212917,126.79
3599,MAGADSUGAR,0.004864077110241357,544.65
7901,CMLL,0.004847591418857367,515.15
3725,CHEMCON,0.004839159275210897,215.12
1298,SANGAMIND,0.0048334790744063855,602.95
5145,TVSSCS,0.0047786374315769604,125.92
787,KDDL,0.0047316981799684354,3873.2
440,FOSECOIND,0.004727975190874751,6343.5
5244,UDS,0.004726027864764893,210.09
212,BODALCHEM,0.004708181182770678,174.95
5879,AWFIS,0.004637044946329555,238.12
6834,MBEL,0.0046139275996180985,265.56
4200,GRWRHITECH,0.0045928617695997495,6929.0
541,GULFOILLUB,0.004536518304295253,1089.3
1594,UNICHEMLAB,0.004529503410061211,530.9
956,MOLDTECH,0.004490055506067135,209.95
3854,SURYODAY,0.004466233604102545,149.05
7868,MBAPL,0.0044065176716614335,163.42
6886,TFCILTD,0.00434429381879827,146.65
1383,SIMPLEXINF,0.004272241279493897,243.35
5239,MVGJL,0.004263607022084783,208.29
1182,PRIMESECU,0.004242765471799903,296.5
4986,GHCLTEXTIL,0.004234057133438449,125.1
134,AVTNPL,0.0042314256642443475,85.45
1092,ORIENTHOT,0.004213969542466106,139.12
1081,ONWARDTEC,0.004165053239264226,294.6
5361,ASKAUTOLTD,0.004144330759258359,594.6
5319,TALBROAUTO,0.0041218788804184055,405.35
1309,SATIN,0.004097155817535133,217.39
6309,JTLIND,0.004052043214193577,83.81
923,MAYURUNIQ,0.004028799425747052,749.9
2673,MATRIMONY,0.004017411826933251,517.8
2452,HINDCOMPOS,0.00399413156151658,417.0
1698,ZUARIIND,0.003990340291850941,268.7
3945,SGIL,0.003984041279569432,606.35
8108,SHIPROCKET,0.003970713148280419,129.1
2348,NRAIL,0.0039459476388876,651.15
4115,TARSONS,0.0039439709529366105,327.65
307,DBL,0.003906343724941972,397.4
255,CENTUM,0.0039062075878303834,4142.1
4398,DYCL,0.0038636574958297787,423.9
5451,INOXINDIA,0.0038428240706541122,2039.3
5978,REMSONSIND,0.0037856651893826854,98.95
5615,SIGNPOST,0.0037557033966522076,260.75
3872,SHARDAMOTR,0.0037073560312695947,884.4
3557,RPSGVENT,0.0036851614879355324,844.65
6970,UTLSOLAR,0.0036704349361800356,409.2
3787,KANPRPLA,0.0036346810854016717,236.96
2886,MIDHANI,0.003608368936165285,442.55
6912,PACEDIGITK,0.003598416715769225,161.85
2195,GEOJITFSL,0.003567521610488204,74.94
1456,SUDARSCHEM,0.003562370054488224,1176.8
6853,REGAAL,0.0035623018992737973,83.34
4156,SUPRIYA,0.003508522115632927,861.35
969,MPSLTD,0.003502735073929628,2573.8
1356,SHK,0.003477847936318568,136.13
6467,VENTIVE,0.0034661169865764334,563.55
6899,ATLANTAELE,0.0033943092367915324,1806.6
7777,WPIL,0.003331025482412587,421.0
892,MAHSEAMLES,0.003328948573677172,644.25
2027,ARVSMART,0.0032658735488057754,608.5
6501,SGLTL,0.003258958382385479,408.35
3297,KIRLFER,0.003238511953973014,464.65
5611,JSFB,0.0032189135251211583,482.3
2753,SIYSIL,0.0032166022012217357,542.55
252,CENTENKA,0.0032161329413839712,555.55
5642,JUNIPER,0.003215550282584451,215.33
5797,BALUFORGE,0.0031862046241014756,489.45
6492,INDOFARM,0.0031816706124555326,134.66
305,DATAMATICS,0.003169806503461951,744.8
573,HIKAL,0.0031673654034391685,212.21
3305,CSBBANK,0.0031510668013011154,301.75
7893,POCL,0.003145322274981076,432.4
3684,NDRAUTO,0.003141275785416698,677.65
2901,AMRUTANJAN,0.0031217611710474625,503.05
4004,INTLCONV,0.0030961713779434764,79.14
6337,RACLGEAR,0.003074673143984511,1502.0
1016,NELCO,0.00306989560776266,865.0
7886,LASERPOWER,0.003069647569685355,272.5
149,BALAMINES,0.0030417185184859604,2085.5
7654,SINGERIND,0.003036427853539658,75.8
281,CONTROLPR,0.0030188012410698488,613.4
605,AGI,0.0029248680415856583,782.6
4656,LANDMARK,0.002922478238130917,468.65
3837,MTARTECH,0.002916962857234818,7849.5
3777,RBA,0.002914183821189274,92.61
5322,MAXESTATES,0.0029133435277277006,531.75
2762,MAHLOG,0.0028834345893934622,395.4
3584,IIFLSEC,0.002867030647228079,344.2
1660,WABAG,0.0028531328759530644,1934.1
3831,HERANBA,0.0028187832045851995,162.05
6037,KSB,0.0028133475483428684,776.7
6274,AVL,0.0027989399766905052,604.45
7859,VOEPL,0.0027884518898743343,532.6
779,KANSAINER,0.002782196229458269,180.75
1408,SPARC,0.0027672286726633747,187.74
131,AUTOIND,0.002739756638434648,80.06
6961,MODIS,0.0027279149365077165,375.25
6895,NAZARA,0.0027046306152871532,376.0
4446,PDSL,0.0026648574634908395,336.95
1394,SMLISUZU,0.002630559552970004,5850.5
1518,TCI,0.002606462988698439,877.05
6473,CARRARO,0.0025947674063360295,509.8
369,EDELWEISS,0.0025899819606328917,127.71
5255,SURYAROSNI,0.0025528968790748913,213.0
3962,ALIVUS,0.00254595384230872,1337.2
810,KOLTEPATIL,0.0025440950612515127,423.4
3887,CLSEL,0.002542474231505331,289.25
5991,BANSALWIRE,0.0025306760558561894,313.2
6832,SGFIN,0.0024850084839175474,645.9
83,APLLTD,0.0024644795163074732,800.5
3876,MODISONLTD,0.002424615035018525,464.4
6194,ARKADE,0.0024126787238608147,117.67
3952,STYLAMIND,0.0024055319083398645,3243.8
4317,PRUDENT,0.0023763629202935488,3210.6
6781,KALPATARU,0.0023751120644343445,259.9
1164,POWERMECH,0.0023579049897951405,2445.9
5337,MUFIN,0.0023533281110371847,133.08
5714,KRYSTAL,0.0023466681824185097,633.2
6459,CEWATER,0.002324891672694637,254.8
1364,SHRIPISTON,0.002292617347520413,4270.4
4912,APOLLO,0.0022886843085749365,395.15
8042,PERMAGN,0.0022094493243840045,855.75
117,ASTRAMICRO,0.002204935509290921,1630.8
3786,AWHCL,0.002191891538984708,339.25
479,GKWLIMITED,0.0021889237616923556,1562.3
3183,APCOTEXIND,0.002183607749580439,576.9
8131,GAJA,0.002157710022619646,145.1
384,ELECTCAST,0.002153093986528647,74.26
5956,STANLEY,0.0021524456657224184,127.29
4698,VISHNU,0.0021520032476050302,665.65
354,DSSL,0.0021518184014208434,1030.1
6881,SHRINGARMS,0.0021483967053016395,218.59
800,KIRIINDUS,0.0021433022756115606,542.55
175,BEPL,0.0021424416454190382,123.44
2041,KNRCON,0.0021306199309619593,111.61
6152,ECOSMOBLTY,0.0021262413062747678,107.43
916,MARKSANS,0.002108852897814574,307.8
1530,TEXRAIL,0.002095549996749918,107.08
2450,HITECHCORP,0.0020663435505994337,350.55
831,KTKBANK,0.0020476639172740674,320.8
758,JSWHL,0.0019799107153576816,11158.0
6193,NORTHARC,0.0019471487264935933,280.7
1357,SHOPERSTOP,0.0019273631123147613,384.7
4491,HARSHA,0.0019227378547215994,442.4
4892,TIPSINDLTD,0.0019145016209290476,618.15
8149,SYMBIOTEC,0.0018921797889031185,1093.8
3636,SUNDARMHLD,0.001880027376930634,397.55
91,ARIES,0.0018798545145838111,472.7
1454,SUBROS,0.0018719296300449696,664.5
7775,ULTRAMAR,0.0018558007644557204,400.8
3731,GAEL,0.0018526806894823779,158.47
1679,WONDERLA,0.001829651974917834,509.45
3577,GREENPANEL,0.001822422855280054,154.17
3975,KRSNAA,0.001788618029835588,531.95
6953,STUDDS,0.0017585875988850063,416.0
6785,PICCADIL,0.0017470667394210782,573.1
6409,INNOVANA,0.0017364789813883721,283.2
1162,PONNIERODE,0.0017117007213602823,348.35
957,MOLDTKPAC,0.001689065711745668,652.1
6559,NIBE,0.0016703721898537814,1224.7
188,BHARATWIRE,0.0016534965765504913,165.73
1173,PRECAM,0.0016376629502603867,109.92
1697,ZUARI,0.0016175125376260528,208.18
1264,ROHLTD,0.0016148121014930474,294.9
4632,DHARMAJ,0.0016111299603903998,263.1
6850,BLUESTONE,0.0016075317087791664,799.25
1546,TIMETECHNO,0.0015752930098606416,179.68
6684,WAAREERTL,0.0015384561590199015,795.95
4107,BAJAJHCARE,0.0015338681088527674,314.85
2191,KIOCL,0.001469987542288487,350.55
7735,KIRANVYPAR,0.001465342965080229,199.19
6,AARTIDRUGS,0.001458751712921965,414.0
87,APTECHT,0.0014553730522935881,85.05
4291,PIXTRANS,0.0014481703240641405,1755.1
3665,KUANTUM,0.0014122433652201676,74.07
6049,AVANTEL,0.00139855963738674,145.31
4858,DEEPINDS,0.0013750166844640477,777.6
1830,THEJO,0.0013640690179103068,2073.8
1628,VHL,0.0013628082726073615,3578.8
6761,VESUVIUS,0.001361470626328991,406.65
6349,EIEL,0.0013522306641967265,180.96
7928,MANIPALHOS,0.0013470552927878003,684.05
7726,HALDYNGL,0.0013349172435721003,140.89
3617,PITTIENG,0.0013148448339066138,1066.1
6449,DAMCAPITAL,0.0013091582431307165,141.38
1652,VMART,0.0012886806184444306,811.15
1668,WELENT,0.0012739202129256333,732.35
5487,INNOVACAP,0.0012529002338900238,1129.5
1215,RAMCOSYS,0.0012329670486239275,537.45
3570,EXPLEOSOL,0.0012201403549987643,851.8
4140,RATEGAIN,0.0012184591681727926,830.95
1497,TAJGVK,0.001217907419612795,322.4
4119,GOCOLORS,0.001209994171682037,296.9
2194,VIDHIING,0.0012081847179204086,331.0
6926,WEWORK,0.0011863105590382886,664.1
7671,SAIPARENT,0.0011829139267144984,500.45
979,MUNJALAU,0.0011816268666036537,101.51
6898,SAATVIKGL,0.0011783945701691466,397.25
6158,STYLEBAAZA,0.0011271023596883328,372.35
158,BANCOINDIA,0.0010857849677217844,588.9
4591,SATINDLTD,0.0010716471292565328,125.45
3870,FINPIPE,0.0010618875754169355,149.76
464,GENUSPOWER,0.0010538022367763862,288.2
1623,VENKEYS,0.0010083643515742975,1608.2
4476,TMB,0.001007470953639213,855.45
4769,HDFCSML250,0.00100628797766783,176.41
452,GANECOS,0.0010014522549627643,961.3
6922,SOLEX,0.0009227113706389927,653.15
7586,AJMERA,0.000889901798663992,115.77
3332,SIS,0.0008797844575840522,411.4
952,MMFL,0.0008748788404678706,553.7
3560,CREATIVE,0.0008724167340099639,1060.2
2118,PRIVISCL,0.0008647430214774883,3446.3
1118,PDMJEPAPER,0.0008534827690435565,92.37
5199,SAMHI,0.0008461331693968136,143.89
1261,RML,0.0008442886228649778,1279.6
995,NAHARSPING,0.0008371936202584362,251.4
6903,STYL,0.0008187814879645166,354.25
6198,SANGHVIMOV,0.0008168894177524658,389.2
1,20MICRONS,0.0008052609348447697,194.81
3000,TIRUMALCHM,0.0008040289785902046,142.84
6930,MARKOLINES,0.0007974194028124051,164.44
1256,RIIL,0.0007756940234601361,682.6
130,AUTOAXLES,0.0007691023041695127,1608.8
8168,PERNIASPOP,0.0007357466068359003,528.55
7538,CORONA,0.0007131991389694528,1993.5
6774,OSWALPUMPS,0.0006822689946607372,255.45
6214,TIL,0.0006579141846669622,229.45
7549,PARKHOSPS,0.0006525359876272743,260.85
1189,PTC,0.0006271129653894417,148.57
8227,BUILDPRO,0.0006260450523373462,250.2
2101,STERTOOLS,0.0006260083032198524,231.69
1671,WENDT,0.0006168161969345672,7712.0
6933,CRAMC,0.000566690620682556,220.79
344,DLINKINDIA,0.0005586797923841356,406.7
7597,AMAGI,0.0005541909302627422,555.3
534,GUFICBIO,0.0005380269342679018,404.05
5696,GOPAL,0.000501957550243186,252.4
6975,SHILCTECH,0.0004929297734303801,3944.0
767,JYOTHYLAB,0.00045564256959332425,186.29
5723,REFEX,0.00044737391918384713,258.7
2272,TASTYBITE,0.0004460140877977658,8999.0
5939,DEEDEV,0.0004353942878631452,608.6
6075,CEIGALL,0.0004249387087146264,374.1
6581,AJAXENGG,0.0004244966601636756,571.25
4824,PSUBNKIETF,0.00041621931153729337,81.1
6516,LAXMIDENTL,0.0003922160935120537,192.52
3616,PILANIINVS,0.00035991906623616694,3948.5
6989,PAUSHAKLTD,0.00035818436356820776,671.65
4334,ETHOSLTD,0.0003471551867402431,2600.3
6121,INTERARCH,0.00034391869541884764,1694.4
3864,BARBEQUE,0.0003385890514355221,665.25
1501,TANLA,0.0003375381451244544,493.35
2558,SUNTECK,0.00032679590468324624,271.6
4257,GOLDIAM,0.00029639737794615083,305.75
918,MASTEK,0.0002945462210066605,1651.2
3959,KOVAI,0.00027887958744374415,5891.5
4589,ACI,0.0002677847976747641,462.2
8009,JYOTIRES,0.00026687002482571874,836.65
5166,SANDUMA,0.00025899609281949346,179.15
1613,VADILALIND,0.0002537947074416707,7167.5
7988,DHOOTTRANS,0.0002494304473910896,1440.4
5378,ESILVER,0.0002391507235314956,215.67
5077,BANKETF,0.00023797858569469589,555.21
633,IFBIND,0.00022332731883307078,1186.8
3346,NEXT50,0.00021075471273129982,699.37
744,JKPAPER,0.00020723938862909214,367.35
6302,LIQUIDPLUS,0.00020513098176888492,1106.61
6842,SBILIQETF,0.00020097988443556884,1059.18
6668,AONELIQUID,0.00020057228372862942,1080.17
6925,ELIQUID,0.00020054715463806765,1050.97
6616,HDFCLIQUID,0.00020020981135233468,1081.2
6652,CASHIETF,0.00019945425984159372,1082.84
5549,LIQUIDCASE,0.0001980659331375676,116.27
5744,LIQUIDADD,0.00019715266270321205,1148.18
4735,LIQUID1,0.0001938409778164737,1125.96
5889,LIQUIDBETF,0.00019260700904588383,1102.07
6818,LIQGRWBEES,0.00018935873846400843,1058.57
5987,LIQUIDSHRI,0.00018875596789619852,1124.71
6197,GROWWLIQID,0.0001863951941865108,111.07
7653,RSL,0.00018160853326142784,171.94
7795,IVZINGOLD,0.00017534864396932543,127.75
5200,ZAGGLE,0.00016069427684188954,166.43
3923,IPL,0.00015511102229717874,130.03
822,KRBL,0.00015261784724193966,386.05
525,GSFC,0.00015235530428939822,146.5
5547,MEDIASSIST,0.00013933528052473623,295.2
5610,CAPITALSFB,0.00013301810742226904,268.95
471,GICHSGFIN,0.00013132680900530087,131.3
4998,SILVRETF,0.0001270082301415001,209.82
2650,DECCANCE,0.00012274182474489304,532.95
2744,GODREJAGRO,0.00012211323346333425,639.95
4497,AXISILVER,0.00010768848907780244,214.62
6183,PNGJL,0.0001068537036891695,586.3
6046,RELTD,0.00010473662824452218,143.81
1474,SUPRAJIT,9.5192291528694e-05,470.85
3970,UGROCAP,9.184267684062952e-05,79.72
4208,SILVERBEES,9.163615247351079e-05,205.87
4201,SILVER,8.840858887439705e-05,215.21
1657,VSTIND,8.746673389687385e-05,200.86
743,JKLAKSHMI,8.70059965221875e-05,470.0
4194,SILVERIETF,7.883532436745973e-05,214.97
1655,VRLLOG,7.774867234612093e-05,284.1
6893,IVALUE,7.484946567441048e-05,227.52
2964,VARROC,7.382438135131934e-05,802.9
942,MHRIL,7.165278021154312e-05,187.23
3939,TIDEWATER,6.281487173083813e-05,1357.8
8093,KIRLPNU,6.171057388996678e-05,670.3
4460,HDFCSILVER,5.001038526740659e-05,205.84
7878,PSUBANK,4.8135292430641265e-05,80.39
5984,SBISILVER,4.615872616091669e-05,211.15
4886,SILVERETF,4.292481893203347e-05,207.81
6697,TINNARUBR,2.5552992468706043e-05,879.6
407,EPL,1.088975874264991e-05,232.03
5084,LIQUID,0.0,999.99
5330,LIQUIDSBI,-1.755560643231934e-07,999.99
4811,ABSLLIQUID,-5.291653213523672e-07,1000.0
6848,MOSILVER,-1.6405575826074908e-06,213.07
5709,PVSL,-3.87590567982243e-05,92.06
3934,GOLD1,-4.585379280607881e-05,122.19
568,HESTERBIO,-4.9398827677000264e-05,2069.9
1346,SHARDACROP,-5.460564213140718e-05,725.8
3185,OAL,-5.9224793679387485e-05,512.0
3223,SWSOLAR,-8.203379521865353e-05,160.09
7764,SHINDL,-8.650249074868878e-05,158.39
4161,ANDHRSUGAR,-9.363853563892606e-05,89.83
765,JUSTDIAL,-9.811990431209897e-05,631.65
3800,STOVEKRAFT,-0.00010689421996148822,803.1
554,HCG,-0.00011112989335050573,638.75
1586,UFLEX,-0.0001253117114710968,617.05
4172,SETFGOLD,-0.00014438962437097634,124.77
6092,UNIECOM,-0.00014986218740804032,79.9
6174,SPORTKING,-0.00015654094289372375,196.39
5310,IRMENERGY,-0.00016788055025904408,256.0
178,BFUTILITIE,-0.0001787487390086909,471.05
2795,SHALBY,-0.00018570549800179473,130.42
675,STYRENIX,-0.0001889581141178943,1990.5
3797,INDIGOPNTS,-0.00019451217656353678,1035.7
4139,QGOLDHALF,-0.00020987758576184292,121.22
4434,INFRAIETF,-0.00021738736766440054,87.61
4241,RAJRATAN,-0.00022032987924210318,444.25
4784,GOLDETF,-0.00022633919516479176,142.24
1106,HUHTAMAKI,-0.0002295346599103759,225.67
5329,CANTABIL,-0.0002521075842646192,232.76
4112,BSLGOLDETF,-0.00025407808852234703,128.62
1255,RICOAUTO,-0.00025507599890928516,117.88
1058,NSIL,-0.0002652391243002112,5108.0
1271,RSWM,-0.00028966247419500227,195.79
718,JAICORPLTD,-0.0003045433366765473,86.52
3627,HINDWAREAP,-0.00030684024693103645,169.01
6904,SOLARWORLD,-0.00031995764334002714,124.91
3912,MON100,-0.00032534905460205764,325.15
1210,RALLIS,-0.00032997250841011196,195.76
3896,HEALTHIETF,-0.0003431995448630789,160.49
826,KSCL,-0.0003492934742110988,679.0
6954,CHOICEGOLD,-0.00035623209645615204,145.09
910,MANINFRA,-0.0003831666613831727,117.74
3548,ARVINDFASN,-0.0004049515276283574,392.1
3222,SESHAPAPER,-0.00041509343403705766,229.99
1653,VOLTAMP,-0.0004325634719251894,10399.0
4146,MEDPLUS,-0.00043636710625069,631.9
2717,DIAMONDYD,-0.0004714954110079019,1044.7
7616,DEFENCE,-0.0004803578091466302,74.75
6226,GROWWDEFNC,-0.000521813912274871,89.86
890,MAHLIFE,-0.0005278945966868045,342.1
6504,DDEVPLSTIK,-0.000536633290483605,244.15
4584,FAZE3Q,-0.0005439137692247178,424.1
1226,RCF,-0.0005447279481463675,103.5
5673,MANORAMA,-0.000556529284390653,1998.5
27,ADORWELD,-0.0005651291523502515,1486.1
16,ACCELYA,-0.0005859572628970568,1094.4
1344,SHALPAINTS,-0.0005984990909054838,76.16
453,GANESHHOUC,-0.0006041844271933209,691.8
4199,MAKEINDIA,-0.0006065639692491515,151.43
2723,GULPOLY,-0.0006168515352179536,159.84
1444,STAR,-0.0006193524324114631,1095.3
8024,MIIL,-0.0006223972084294176,670.85
6494,JAGSNPHARM,-0.0006240625486740928,231.7
1675,WINDMACHIN,-0.0006416895773302897,288.1
1294,SALZERELEC,-0.0006489446494050066,510.3
1005,NAVNETEDUL,-0.0006554168847557808,121.66
955,MOIL,-0.0006712223764659912,229.58
3551,BAJAJCON,-0.0006776175039669716,489.15
6168,TOP10ADD,-0.0006784856441368814,82.5
5578,HDFCSENSEX,-0.0006790734695409936,81.68
3631,SIRCA,-0.0006809323519601695,402.2
2011,SASTASUNDR,-0.0006822662860430646,292.9
6878,SGMART,-0.0006956443857367945,743.45
1198,QUESS,-0.0007024330175100544,320.75
6951,ORKLAINDIA,-0.0007057204524416395,549.7
3325,PRINCEPIPE,-0.0007152828690202674,249.25
5206,UTINIFTETF,-0.000725696877263691,247.32
1242,CONSUMBEES,-0.0007295961980458348,120.01
1043,NIITLTD,-0.0007393143671064707,81.78
638,IGARASHI,-0.0007405201316588591,393.1
6126,MODEFENCE,-0.0007583041701886726,98.39
437,FMGOETZE,-0.0007692009369706858,434.85
2676,CAPACITE,-0.0007824700825275555,177.19
785,KCP,-0.0007849548951733994,152.67
4258,INDOBORAX,-0.0007913029019600637,482.2
3590,JTEKTINDIA,-0.0007957804483360448,113.1
6794,CRIZAC,-0.0007975010046036039,159.97
1490,SWARAJENG,-0.0007995227593026333,3491.6
4087,EQUAL50ADD,-0.0008071790555144727,314.87
5375,SHAILY,-0.000809859654735034,3053.0
51,ALEMBICLTD,-0.000840970787936302,99.72
4270,TNIDETF,-0.0008425899418118654,83.24
1241,NIF100BEES,-0.0008544500717562187,247.39
4159,NIFTY50ADD,-0.0008762304073476788,234.67
3604,MSTCLTD,-0.0008767527932918061,668.4
849,LGBBROSLTD,-0.000889148753666043,1676.4
1169,PRAKASH,-0.0008906532206884176,115.31
508,GOODLUCK,-0.0008949065638845265,496.8
803,KIRLOSIND,-0.000896722235131044,3473.1
6229,GARUDA,-0.0008976592283169689,165.42
1324,SEQUENT,-0.0009003209547191571,235.86
4440,MOVALUE,-0.0009310875308196612,104.61
1407,SPAL,-0.0009395652118135566,922.8
57,ALLSEC,-0.0009397976226763515,782.75
3931,GRINFRA,-0.0009411573362865105,789.4
4393,HNDFDS,-0.0009698866208341888,572.6
5559,EPACK,-0.0009896504473287217,165.16
7564,KSHINTL,-0.0009971491352227762,1017.7
1051,NITINSPIN,-0.001003648099283808,596.4
1460,SUMMITSEC,-0.0010114963302876524,1305.0
1534,THANGAMAYL,-0.0010465928284269267,4810.5
199,BIRLACORPN,-0.0010537856728910703,794.85
1552,TNPETRO,-0.001075424205793817,118.98
4987,IONEXCHANG,-0.0010836160538235224,392.15
7664,CMPDI,-0.0010989016042015085,206.65
3750,HEMIPROP,-0.0010989390349501376,109.24
6469,SENORES,-0.0011148749459350318,1325.6
6862,MEIL,-0.0011358557418751011,266.2
1391,SKIPPER,-0.0011585505437441915,517.5
6553,KSOLVES,-0.0011592384079136316,241.68
2786,ICEMAKE,-0.0011824230838346928,660.25
5715,MOREALTY,-0.0011841022743486946,80.26
804,KITEX,-0.0011859804867011305,115.11
4137,TTKPRESTIG,-0.0012073033983719807,513.0
4652,COMMOIETF,-0.0012328998620276064,90.32
6264,GODAVARIB,-0.0012344815091131795,221.02
4805,DIVGIITTS,-0.0012368181178178143,1025.6
4492,SAKSOFT,-0.001241347243116518,132.8
1214,RAMCOIND,-0.0012679815558114442,290.75
5398,FLAIR,-0.0012842163030929365,224.44
203,BLISSGVS,-0.0013487395108567493,667.7
961,MONTECARLO,-0.0013680352549503547,514.7
7763,SEIL,-0.0013730134037437745,178.12
5449,INDIASHLTR,-0.0013762217330205307,643.5
4297,CAMPUS,-0.0013791680006799544,199.0
2077,TCIEXP,-0.0013894681109001385,477.2
7657,GSPCROP,-0.0014027762752758933,492.1
907,MANGLMCEM,-0.0014066750000358997,950.8
6040,SANSTAR,-0.00140813919241204,97.42
7532,BECTORFOOD,-0.0014512629801078,205.64
38,AHLUCONT,-0.0014827706867810517,554.05
3213,KENNAMET,-0.0014875825573332506,4115.1
801,KIRLOSBROS,-0.0014899416216387564,1667.2
233,CAMLINFINE,-0.0015112299175350577,88.84
6557,RAMAPHO,-0.0015232176535931981,110.09
256,CENTURYPLY,-0.0015290523207741463,659.85
8162,ESDS,-0.0015671645858615817,1426.9
7754,PRAVEG,-0.0015797923918229751,233.64
3149,METROPOLIS,-0.0015866531757790822,525.85
3883,VAIBHAVGBL,-0.0015920020330322257,199.55
3986,SAGCEM,-0.001609529611548066,144.37
3611,ORIENTELEC,-0.0016199366892604497,162.95
1538,THOMASCOOK,-0.001653017980955883,98.53
412,EVEREADY,-0.0016554978378649494,318.6
3920,DODLA,-0.0016697153805787872,997.5
1102,PANACEABIO,-0.0016755167692717498,344.5
1048,NITCO,-0.0016783975787316744,78.9
5122,REDTAPE,-0.0016789702119904392,113.16
6549,MOSCHIP,-0.001737264448996093,186.71
4941,VISAKAIND,-0.0017417246259686637,80.55
1247,RELIGARE,-0.0017441456267474316,220.57
2112,63MOONS,-0.00175498288711192,761.55
6297,MASTERTR,-0.0017609561049466032,81.6
670,INDRAMEDCO,-0.0017639282863214224,319.9
6902,JARO,-0.0017693215980190545,404.0
6928,GOKULAGRO,-0.0017716548121229111,205.54
6974,BETA,-0.0017812540487337175,1898.0
4013,ARTEMISMED,-0.0017865582504689376,308.45
2510,STARCEMENT,-0.0017963776157680113,169.65
6900,GANESHCP,-0.0018029145390051056,150.66
574,HIL,-0.0018220003536650246,1284.7
165,BASF,-0.0018368645181698457,3346.8
6423,ANUHPHR,-0.0018418107224450206,81.79
6110,SUYOG,-0.0018422434672654463,643.3
1389,SKFINDIA,-0.0018574778969579347,1407.7
7731,COCKERILL,-0.0018895043441641928,7727.5
3674,ROSSARI,-0.0019361851215641992,409.8
5214,KALAMANDIR,-0.0019422426020176773,74.3
3563,DCAL,-0.0019469367461980138,146.66
108,ASHOKA,-0.0019807773882962207,101.4
3215,SPANDANA,-0.0019880070083640347,209.1
3294,APOLLOPIPE,-0.00199072616992547,506.9
846,LAOPALA,-0.0019929737559815997,153.98
3619,PPL,-0.002006314578213487,243.65
1568,TRIVENI,-0.002013424230866796,237.86
7894,SBIFUNDS,-0.002048443828698086,499.95
8079,UDAYJEW,-0.0020582921625795676,168.73
3574,GARFIBRES,-0.0020678617809699634,765.15
7727,HAWKINCOOK,-0.002083427337646478,7979.5
4459,GRMOVER,-0.002090862644054336,79.68
660,INDIANHUME,-0.0020949914246561085,338.8
5808,BHAGCHEM,-0.002100506139757054,222.87
485,GLOBUSSPR,-0.002125304437309847,783.45
5000,IKIO,-0.0021591592855486914,181.05
7711,DECNGOLD,-0.0021596505046190743,191.16
1492,SYMPHONY,-0.0021619898151123166,538.85
2664,APEX,-0.0021624078047268007,330.6
3587,INFOBEAN,-0.002164086374653931,146.17
7608,FRACTAL,-0.0021755780298383324,700.65
891,MAHSCOOTER,-0.002187174382979169,12048.0
1251,REPCOHOME,-0.002199070230594624,337.1
7607,AYE,-0.00220106645996253,160.79
5225,YATRA,-0.002208270563458558,96.1
1302,SANOFI,-0.0022155641720553293,2979.7
5390,FEDFINA,-0.0022191597072042375,145.31
6852,EFCIL,-0.0022376218556361205,167.07
213,BOMDYEING,-0.002253175364446389,97.73
4653,SULA,-0.002254478388447817,130.58
3544,ANUP,-0.0022695401600714353,1498.2
1641,VIPIND,-0.0022720143462713555,275.2
105,ASHAPURMIN,-0.0023024833000265523,469.35
6658,BHARATSE,-0.0023132882651170318,200.84
1280,RUPA,-0.002329075993706153,124.14
6857,GEMAROMA,-0.0023423684857901196,146.56
3622,PRSMJOHNSN,-0.0023610830520664284,96.87
4278,HARIOMPIPE,-0.002379917716694136,326.55
818,KOTHARIPET,-0.0023833028231734056,121.1
5108,NIITMTS,-0.002386328792243705,200.01
6313,KPEL,-0.002389494250591999,206.87
1579,TVTODAY,-0.0024463384867942414,103.3
5033,IDEAFORGE,-0.0024872179956085282,669.2
7596,ADVAIT,-0.0024877638632179616,1871.6
4125,ASIANENE,-0.0024891780249954257,459.45
1091,ORIENTCEM,-0.0025042623026028574,110.08
651,IMFA,-0.002513342743129138,1165.1
470,GHCL,-0.0025157892165255592,388.05
6821,INDIQUBE,-0.002523917045591376,191.89
1222,RATNAMANI,-0.0025675049513762963,2498.9
4163,CMSINFO,-0.002572911522724919,214.35
5079,MAANALU,-0.002577402838689274,98.97
5620,ENTERO,-0.002584135652983068,1688.8
8035,ORIRAIL,-0.0025857534795169362,119.28
6924,AGIIL,-0.002591946515323759,250.05
5606,PARKHOTELS,-0.0025933605363658483,101.16
104,ASAL,-0.002593915537674265,395.55
1009,NCLIND,-0.0025991346196555924,160.54
64,AMBIKCO,-0.002627766374507562,1483.3
2751,POKARNA,-0.0026705167197005547,678.25
7877,GYFTR,-0.002697528484968093,171.38
1637,VIMTALABS,-0.002702088201877817,553.0
847,LAXMIMACH,-0.002714890505265051,16346.0
402,ESABINDIA,-0.002718365982499533,5360.5
4189,AUTOBEES,-0.0027292718046393505,254.92
937,PGHL,-0.00273844107341996,5156.5
416,EXCELINDUS,-0.0027412281673859775,918.7
5789,BBL,-0.0027412617730589862,2075.3
5917,IXIGO,-0.0027573208268281218,153.96
2714,NESCO,-0.0027640378848507213,1027.8
6372,SURAKSHA,-0.0027784809958594585,309.4
93,ARMANFIN,-0.0028168424223890846,1703.9
549,HATSUN,-0.002838354170040463,1120.7
1273,RSYSTEMS,-0.002843895445680124,242.85
6792,PARAS,-0.0028627959046014957,1241.9
2451,ADVENZYMES,-0.002886592126520408,264.9
3555,BORORENEW,-0.0029186944633622525,430.1
1161,POLYPLEX,-0.0029455005439801007,998.9
2747,MASFIN,-0.0029488809549350625,262.95
7915,HDFCNIMEG,-0.002954366744288688,118.94
6539,SENCO,-0.0030688826792850143,337.1
1627,VGUARD,-0.0031026476744997417,291.85
603,HPL,-0.003103915657884696,256.45
3625,SAKAR,-0.003122910635826992,1002.4
733,JINDALPOLY,-0.003152123257293628,635.05
153,BALMLAWRIE,-0.0031574215105510867,156.08
310,DCBBANK,-0.003165038944697597,196.56
242,CARERATING,-0.0031942683278269194,1542.3
4003,GANESHBE,-0.0031952556405586323,111.9
1465,SUNDRMFAST,-0.0031964554176988954,1108.3
1153,PNBGILTS,-0.003203359116376666,68.39
285,COSMOFIRST,-0.0032325746820687073,812.7
7986,DHABRIYA,-0.003256883311557471,485.95
1318,SEAMECLTD,-0.0032823240098750605,1572.7
590,HIRECT,-0.0032826848677068613,1096.1
5443,BAJEL,-0.003288075398694257,156.63
2184,JITFINFRA,-0.0032978494267755154,269.55
1168,PRAJIND,-0.0033055421780648097,289.75
126,AURIONPRO,-0.003335871897506235,596.55
6894,GKENERGY,-0.0033406219861864296,113.17
2037,SFL,-0.003341675906730573,606.05
6806,SMARTWORKS,-0.0033570046930898436,482.35
7694,ASHIKA,-0.003358582149134171,382.55
805,KKCL,-0.003409034324787017,472.5
4637,UNIPARTS,-0.0034178866576933644,776.6
4088,FINOPB,-0.003419116228718633,145.53
8005,INDOKEM,-0.0034269312040997174,692.8
6209,KRN,-0.00343176598239578,1414.5
424,FDC,-0.0034476617588145987,324.05
3981,EPIGRAL,-0.0034894084733709816,1012.2
4276,RITCO,-0.003505606358693296,272.5
2942,LUMAXTECH,-0.003522223435711937,1770.2
100,ARVIND,-0.0035395357018548138,510.5
6986,SUDEEPPHRM,-0.003543486018444094,1114.9
1539,THYROCARE,-0.0035539527785222974,501.0
7647,INA,-0.0036311780820621033,79.73
2482,PSPPROJECT,-0.003668959504514466,747.45
324,DHANUKA,-0.0037702583386093583,893.35
308,DBREALTY,-0.003809376428329698,84.72
4213,GREENLAM,-0.0038515475486513183,206.86
1004,NAVKARCORP,-0.0038837889240185765,83.33
1216,RAMKY,-0.0038919374808948073,269.8
429,FIEMIND,-0.003902918843510502,1746.6
742,JKIL,-0.0039408679113166825,432.15
5268,THEMISMED,-0.003970410609087325,108.71
855,LINCOLN,-0.003974118375172945,561.7
5545,COMSYN,-0.003983790217101981,256.5
4170,MONARCH,-0.0040047484566060896,330.05
2879,SANDHAR,-0.004011846017885147,534.15
7585,SKMEGGPROD,-0.0040212236887162585,207.1
5643,GPTHEALTH,-0.004076706325642422,140.12
6831,LAXMIINDIA,-0.004137334941113172,106.66
33,AGARIND,-0.004181722700045621,369.15
6546,AGARWALEYE,-0.004183777405958257,471.0
5900,BOROSCI,-0.004242688473666985,108.11
1136,PGHH,-0.004257440605870728,6857.0
492,GOCLCORP,-0.004274936987275203,357.6
476,GIPCL,-0.004296810228789901,164.94
5467,MUTHOOTMF,-0.004315033243657937,168.21
143,BAJAJELEC,-0.00438060962412188,290.05
7994,EMPIND,-0.004428370255640514,1021.7
1461,TVSHLTD,-0.004441431956317899,11529.0
5195,EMSLIMITED,-0.004441860574693497,321.7
7548,NEPHROPLUS,-0.0044478565719750125,626.95
737,JINDRILL,-0.004451157471634229,575.8
1345,SHANTIGEAR,-0.004459140865360207,557.0
7724,GNRL,-0.004506052438898771,95.52
3790,CARYSIL,-0.004565977502694359,1011.8
583,HINDOILEXP,-0.00460915000899076,169.4
1220,RANEHOLDIN,-0.004626848344785055,1513.1
306,DBCORP,-0.00465798756623172,167.39
7541,WAKEFIT,-0.00472231112101827,130.51
5470,HAPPYFORGE,-0.004798234201478567,1940.9
4093,SJS,-0.004827427920573373,1980.3
620,ICRA,-0.004834113892767008,4299.4
1569,TTKHLTCARE,-0.004854855616711331,1007.0
2955,AVANTIFEED,-0.004864135045014787,698.65
321,DENORA,-0.004882907361113551,717.35
1199,QUICKHEAL,-0.004886612142293734,137.03
6861,VIKRAMSOLR,-0.0049088670591423515,143.31
498,GOKEX,-0.004915742007090745,652.35
1486,SUVEN,-0.004926610839136721,288.9
6843,ALLTIME,-0.004985865919236939,175.43
1307,SASKEN,-0.005059664155089278,1598.1
3712,HAPPSTMNDS,-0.005198317288099021,300.2
7522,MODINATUR,-0.005237981829811684,288.65
7748,NILE,-0.005310305821551144,1216.4
7528,BHARATRAS,-0.005326122618245528,966.8
1155,PNCINFRA,-0.0053307423468212855,134.49
258,CERA,-0.005367728227852657,4949.5
3094,GUJGASLTD,-0.005544411207765871,219.86
1239,RELAXO,-0.005545480907647159,281.8
3976,WINDLAS,-0.005547906487374389,991.6
1095,ORISSAMINE,-0.005572825153539039,3460.4
118,ASTRAZEN,-0.005675606622173932,5719.5
1553,TNPL,-0.005702848022602823,137.95
870,LUMAXIND,-0.005750124737833941,5294.0
2890,MARATHON,-0.005791562328292336,361.2
1063,NUCLEUS,-0.005805276473991028,619.8
7903,JLHL,-0.005825598108378347,247.1
227,BUTTERFLY,-0.005908520959817272,538.3
1578,TVSSRICHAK,-0.005963233271105676,4255.2
893,MAITHANALL,-0.0060006177777187615,887.55
5667,PLATIND,-0.006047800359210307,195.17
682,INGERRAND,-0.0062821223881964,4001.2
1542,TIIL,-0.006330395662825669,2581.9
6167,EUREKAFORB,-0.006484310293229623,339.75
535,GUJALKALI,-0.006525834488193721,596.65
8008,JENBURPH,-0.006567483394378488,954.2
6609,GUJTHEM,-0.0066660912077480955,367.95
2698,NACLIND,-0.0067495625764885745,129.1
2187,PRICOLLTD,-0.006758630478025889,650.1
8085,VIRAT,-0.0067772758590998634,406.25
7646,SILVERTUC,-0.006794621506470254,125.98
5178,RISHABH,-0.006794907494415059,644.9
4577,FUSION,-0.006877421597320122,162.35
3713,ROUTE,-0.006891585569531114,414.8
4144,METROBRAND,-0.006895655469196285,840.65
1523,TEAMLEASE,-0.007156932703869555,1076.9
3356,ASALCBR,-0.007217413243913838,573.2
3350,VINATIORGA,-0.007322126149042553,1120.8
2349,SHANKARA,-0.007433852685531138,115.3
2850,HGINFRA,-0.007714964160524975,403.0
6937,RUBICON,-0.007733423551753789,1535.4
2920,INDOSTAR,-0.007734148911079302,196.6
6839,JSLL,-0.007752538335547296,381.25
4216,MANYAVAR,-0.007822795645828372,489.9
3243,SAFARI,-0.007831289202788316,1289.3
1046,NILKAMAL,-0.00817102062969969,1854.3
1684,XPROINDIA,-0.008346683512754176,1088.1
7686,PASHUPATI,-0.00876890396836828,69.68
4670,ELIN,-0.009804056949273615,75.56
564,HEIDELBERG,-0.00988184886975786,125.48
4601,INOXGREEN,-0.012066200393606463,115.08
7658,V2RETAIL,-0.01385285099413392,154.87
8033,ONIXSOLAR,-0.014385749744802088,371.2
5512,PGIL,-0.015914214553322356,1272.3
6889,EUROPRATIK,-0.01758800657673462,173.98
7800,SUPREMEINF,-0.019093791624233913,49.92
8193,TAALTECH,-0.023044547733400346,1041.5
7855,TURTLEMINT,-0.024484364634624473,69.53
8219,BLSE,-0.039251908891699286,157.55
